SeqID,Prediction_Class,Prediction_Probability,Sequence
sequence_1,Non-AMP,0.4007,MKTYTKPTLTKKGKLSAITAGPTGNGTSPV
sequence_2,AMP,0.7604,MSEERKPPDLKAALKANLAKRRAQARSKTK
sequence_3,Non-AMP,0.0021,MVVTGASSGIGRATALRLAAEGADLVLTAR
sequence_4,Non-AMP,0.0005,MKTVTKTKAINDLKNYINEVLNGEELILLK
sequence_5,Non-AMP,0.2516,MDYYNNKRIKKKLKGLSPVEYRNLYYQKAA
sequence_6,Non-AMP,0.0004,MSETETTEPKTEEPKSTAALMKAAREILRP
sequence_7,Non-AMP,0.0017,IDDVRIYNRALSEEEVKELYEEEKRRLCTR
sequence_8,Non-AMP,0.0009,ANTKDELLKKADIALYKAKNNGRNRVEIYT
sequence_9,Non-AMP,0.0249,MGRERKGGRREGTRRREGERKEKGVEREKQ
sequence_10,Non-AMP,0.228,MRPRASRRPSSTGRPSRRSTPRLASSTTTP
sequence_11,Non-AMP,0.0233,MARPKKDVAEPVLSAEERAAYERKKRKSKK
sequence_12,AMP,0.6932,MKRRDFIKMMGVTAAGSALVACSPAPAKKG
sequence_13,AMP,0.9953,MYLYCLSFLLFKKKFSKKKVVKKSNLSSLF
sequence_14,Non-AMP,0.0001,MNELKEIKMIMTSIHKELQEIKSEVKELKK
sequence_15,Non-AMP,0.0017,MAREHGVAAPFVDEVFARVQAGLPQPDVAS
sequence_16,Non-AMP,0.048,MSNKQTNKQTTNKQTNKQTNKQTNKQTNKQ
sequence_17,AMP,0.9709,VGKVAPKYRNPETGETTWSGRGAKPRWLKR
sequence_18,Non-AMP,0.0003,KATVALANKNARIIWAMLTKKENYRPQEVA
sequence_19,Non-AMP,0.3664,IEVVNGKAVIDAEKCTGCRKCAEACPYEAI
sequence_20,Non-AMP,0.0379,MTDLLIVLAVLALIAAAAAVSETVRRRRSR
sequence_21,AMP,0.7523,MTDLIFLATTVASFALIALLVAGCDRLGRR
sequence_22,AMP,0.9677,MKKNMKRLLAVALAGVMALGMAACGSSSSS
sequence_23,Non-AMP,0.0145,MGYNNSNDFVLIVVLFILLVIVGASFYRYC
sequence_24,Non-AMP,0.0022,MATFDYTLAGVLAVALFVYLIYALLKPEKF
sequence_25,Non-AMP,0.0008,MLKDKVAIITGASSGIGKASALLFAKEGAE
sequence_26,AMP,0.9987,MKKVVLVLAMAAVAVSFTSCKEKDKCPCHG
sequence_27,AMP,0.8189,PAAVPEPASMALLGLGLAGMGFASRRRKAA
sequence_28,Non-AMP,0.0032,MAKPTSIKIPVELHRALKARAALEDRSVAN
sequence_29,Non-AMP,0.0003,MKKSRFTEAQIVSILKQAEAGMKVSELCRK
sequence_30,Non-AMP,0.0028,MKKLILISMVSLFVLSACGLKGPLYLPEKN
sequence_31,Non-AMP,0.0001,SQVVVNIENDAQLEALKALMKALRLKFEVK
sequence_32,Non-AMP,0.0041,MATLDYLLAGLAAVALFGYLVYALLKPERF
sequence_33,Non-AMP,0.2317,MKKTLISLAVAGLMASGAASAADVTIYGRI
sequence_34,Non-AMP,0.0689,DGARVWLGTFDHAEKAARAYDAAAIAMRGP
sequence_35,Non-AMP,0.0046,LEATGADVVVFGHTHRPQIHAYRRGIYVNP
sequence_36,Non-AMP,0.001,MTLEEIGRRFNVTRERIRQIESKALEKLKA
sequence_37,Non-AMP,0.2997,LHRRSHLPRPPPAPPSSSASAATTSTRRSR
sequence_38,Non-AMP,0.0023,MTTPDPRTDEADGTTPTDPAPDDAPTTEGP
sequence_39,Non-AMP,0.0003,MIVLDYILAGALALALFVYLVYALLKPERF
sequence_40,Non-AMP,0.0004,MSYGADVEVLEPLELREEVKSRIEKMAKVY
sequence_41,Non-AMP,0.0012,LKGVVVFLASDDASFVTGSVYTVDGGYTAR
sequence_42,Non-AMP,0.0012,MNKQYILGIDLGTNSVGYGVMDMETNEIVA
sequence_43,AMP,0.9975,MQKKINKIAFIGLGNMGLPMAKNLVKSGFN
sequence_44,Non-AMP,0.119,MSTYEAITLMIAFGTLMISLLTLIVSLIKK
sequence_45,Non-AMP,0.1017,MMSVYQALTLMFGFGMLIIALLGLVIQIKK
sequence_46,Non-AMP,0.0021,MDTFTDITLIETVEAEENPYGGGGGYCVVA
sequence_47,Non-AMP,0.3512,MKKTKRILSLLLALAMAFSMTATAFAATNL
sequence_48,AMP,0.6693,MKKNESKNLKQSRRDFLKKSAAGAVAAGAA
sequence_49,Non-AMP,0.0003,LALEKNLTLATLDKDVRKAAEKYDVKILKP
sequence_50,Non-AMP,0.0004,MIKKETFKNHLEEYVQYLKLKHYSPRTIET
sequence_51,Non-AMP,0.0023,EYLDYYNNKHIHSKLGYKTPIEFEKEYLVT
sequence_52,Non-AMP,0.0002,MEKQTSPALISSTKKEKIWKFLDFLFFLSS
sequence_53,Non-AMP,0.2838,MKYANVLNRRKFLQLSTGTAAATLVAGCAT
sequence_54,Non-AMP,0.0001,MPIMSLAALTSLAATTSLRATSLAATISFT
sequence_55,Non-AMP,0.0032,MELAGREAMLAEAVRTLVVARPVVYPLSRR
sequence_56,AMP,0.9258,MATIVYFAVLGGFTAIAAGLYYGLKAVKLI
sequence_57,AMP,1.0,MATCSMCRGTGKKGLFSKTCTRCKGSGRKA
sequence_58,Non-AMP,0.0006,MTDLERIEALEAKVTALEKRVTALEEKVQA
sequence_59,AMP,0.7913,MPPASPSTRPRSSPSDCPTRAAPTARPASP
sequence_60,Non-AMP,0.0876,MKKAYTKPTLTKKGRLSAITAGPESGPAEN
sequence_61,Non-AMP,0.0004,MINTSNLKSGIYFLKITANNQTETKKIIKN
sequence_62,AMP,0.8749,MTKKTYSKPTLTKKGRLSAITAAPGGPKAE
sequence_63,Non-AMP,0.004,MKKNRRIAALLVMFVMVFSLALSGCGKKEE
sequence_64,Non-AMP,0.0026,MIVFDIVAGLFAVAAFVYLVYALLKPENFS
sequence_65,Non-AMP,0.0156,MYLIFGLQFILPLLSFLQQRRQKVNRILQS
sequence_66,Non-AMP,0.0003,VDISKARRELGYEPKVPLEEGLRRTVEWYR
sequence_67,Non-AMP,0.0001,MSDNDKNKRIDELEKKIAELESRVKKLEEK
sequence_68,Non-AMP,0.0336,MAPAPGTGRPDRAARPDRTPRRAARDRTAP
sequence_69,Non-AMP,0.4568,SVVASLPVLVVFMCFQKYFVEGITMGSVKG
sequence_70,Non-AMP,0.0066,MTLFDYLVAGLLAAALFGYLVYALLRPERF
sequence_71,Non-AMP,0.0043,MDTQTLIVFGGIAVFAILFFVEFFMLRKRK
sequence_72,Non-AMP,0.3153,MSKIIGITGPIGSGKSTAAKLLAEKLNYPY
sequence_73,Non-AMP,0.0026,ELKEAFRVFDKDGNGYITTKELGSVMRSLG
sequence_74,Non-AMP,0.0001,MVEAVRLDPDPVVAEAFKRAVEARRRILVE
sequence_75,AMP,0.9341,MAVVTYILLLAGFTGIAAGLYFGLKAIKLI
sequence_76,Non-AMP,0.0001,MNLEIKVTLLEIRLAVLETKVKNLQENKKQ
sequence_77,AMP,0.9929,MGYTNVGKSTLLNAVSIAKPKVANYPFCTL
sequence_78,Non-AMP,0.0031,METKDALMLMIAFGSLIIAIITLVISLNKK
sequence_79,Non-AMP,0.1871,VEAILKKRRRQGRLQYLVKWKGYPESESTW
sequence_80,Non-AMP,0.1487,MTSSKKIGRIILISLFVLIFLLLLISFFLN
sequence_81,AMP,0.7652,MINKHTNKQTNKQTKQTNKQKNLDKNTYYK
sequence_82,Non-AMP,0.0002,MNDELEQLRAENERLRAENERLRAENERLR
sequence_83,Non-AMP,0.0002,YVIPHASHWVQMEQPEEFNRIVLEFLKEDL
sequence_84,Non-AMP,0.0075,MTPEKDPKKTPEQIARDEEAAKKNRERMGR
sequence_85,Non-AMP,0.4202,MARILITGAAGFIGSHCVEQLTEAGHDVVA
sequence_86,Non-AMP,0.0043,MMTFDYIAAGVLAVALFGYLIYALLKPEKF
sequence_87,Non-AMP,0.3494,MEPSTVIALVVAAVVVAALVAVAMRRRRRR
sequence_88,Non-AMP,0.4726,MPPKETIRIWLSQIAAVATLIAAINKLKKK
sequence_89,AMP,0.9936,MPKPTPSAARAVASVTSTACTVRPRTSRSR
sequence_90,Non-AMP,0.0114,MDTLQIILSLVTTVITIIMLVIAINNNNKK
sequence_91,Non-AMP,0.0005,MPLRPEVEQRVREWLAALKEPVELRVFVTT
sequence_92,Non-AMP,0.0882,MTPNDLFRLDGKVAIVTGASSGIGRAIARA
sequence_93,Non-AMP,0.0004,MTFFYLGSAILAGAAFVYLVYALLKPEDFS
sequence_94,Non-AMP,0.0,MSFKVTALYDYEPANDDELAFKEGDVITVI
sequence_95,Non-AMP,0.0038,MIHNRKRRENNANRRENNKKRRENKTKSGF
sequence_96,Non-AMP,0.0004,GIRNQESGIRNQESGIRNQESGIRNQESGI
sequence_97,Non-AMP,0.0656,MNKKTRAAVVYIMIAAMVISVVLTALAVYL
sequence_98,Non-AMP,0.0092,MIKKLLTAIVSGLVVVLVKEYLEKKNKSKR
sequence_99,Non-AMP,0.0011,MTAEPEHRDIPSPDGTRLHLWIWRPEAPAL
sequence_100,Non-AMP,0.1281,MHPGDIVVLVLVPLAALTLFVWLARLLRRR
sequence_101,Non-AMP,0.0018,MDFVNLTEEELKAVKEMKKSIEENQKNQKN
sequence_102,Non-AMP,0.0003,MFEKDLNMFEKDLNMFEKDLNMFEKDLNMF
sequence_103,AMP,0.9985,MSNKTKKIIIWVMIAALVLTTVISAISFAL
sequence_104,Non-AMP,0.0124,MHSHTTWSDGINTPEELVAGAIRAGHKKLG
sequence_105,AMP,0.7908,MNNIKTVGFIGLGNMGHGMAMNLTKAGYKV
sequence_106,Non-AMP,0.282,MSKKTKRVIQIFAWVMVGAMILTMVFSMFL
sequence_107,AMP,0.7507,MRKTILLASCVALLMVGTASAQEKKVYKIG
sequence_108,Non-AMP,0.0012,MEKRKRFTKEFKINTVEYYLKNKEVANVVR
sequence_109,Non-AMP,0.0032,MKIKICGITTEEAAEAAVKAGADYLGFIFT
sequence_110,Non-AMP,0.0006,MTLEFIQPGKPTQNAFVERFNRTLRDECLN
sequence_111,Non-AMP,0.0002,VNEHVDEHVNEHVNEHVNEHVNEHVNEHVN
sequence_112,Non-AMP,0.0016,MKKRRNFSPEFKAEAVKLITEQGYSVTAAA
sequence_113,AMP,0.7827,MKKKAKIIAAVLAVVMVLSMVLSMVLSVIY
sequence_114,Non-AMP,0.0003,MDKLTRLRETISSMKRVLIAMSGGVDSTTV
sequence_115,Non-AMP,0.0002,MIGEKIAKLRKEKGLTQEQLAERINVSRQA
sequence_116,Non-AMP,0.0007,EGGDWRRAYYGDNYDRLVAVKTRYDPDNLF
sequence_117,AMP,0.957,MATITYVIVLGGFSGLAAALYFGLKAVKLI
sequence_118,AMP,0.9827,GTELKPDAKFCSKCGTELKPDAKFCSKCGT
sequence_119,Non-AMP,0.0017,DEPTQAELEEAARLEAERTKTKPLKPLNAK
sequence_120,Non-AMP,0.0008,MKILITGSTGFIGSHLTKNLLEKNHEVISL
sequence_121,Non-AMP,0.0882,MKKTYEKPTFVKKGRLSALTAGPSTGTAAS
sequence_122,Non-AMP,0.0001,AEAKFENGVLTVTLPKKEESKHEVKKVEVK
sequence_123,Non-AMP,0.0005,SVVIPVYNEEEVIAECLARLPPEVDEVIVV
sequence_124,Non-AMP,0.0001,MAKKQDDNRELTPEEIQMLRDMGILPKEDE
sequence_125,Non-AMP,0.0015,MSELEKLRQENEKLKQENEELKNRPPLCGR
sequence_126,AMP,0.7666,MDAAMLMIAFGTFTIALLGLLIKLIEAIKK
sequence_127,AMP,0.5864,MKKWISLLLLTTLLSACGQKGPPYLPEEKS
sequence_128,AMP,0.6797,MAKAVNNISRRTFLKTAGVVGATAGLSACA
sequence_129,Non-AMP,0.2413,MKKSQKIFAYVMIAAMIITTVLSLVLTAIY
sequence_130,Non-AMP,0.0002,MTKRTRRNFTDEFKAEAVRLTTESGLSVTA
sequence_131,AMP,0.8403,MTELLALVAIAATVFVVVRAARLLRRRRRA
sequence_132,Non-AMP,0.0004,YCKSGNRSKMASDKLKEMGFTDVKNLTGGI
sequence_133,Non-AMP,0.0023,MASKTNRRDFIKTSALGAAGLTAAPSIVQA
sequence_134,Non-AMP,0.001,MFLKEKNYNLIFLKKLFNENKIQNEKLKFP
sequence_135,Non-AMP,0.067,MKDALMVMIAFGMFVIALLSLVVDLIKANK
sequence_136,AMP,0.8042,MSPRLETPAAPLRLTVPLRAVAALSARPKK
sequence_137,Non-AMP,0.0013,MASAKEQIEQAKTELQQAKKRADQAEKQAE
sequence_138,AMP,0.7346,MTTKKTYTKPTLVKKGRLSAITAQPAGPTL
sequence_139,Non-AMP,0.3657,MLNRRDFLKFSGVAASSAALSACSLSTKSK
sequence_140,AMP,0.9999,MKRLLWFCGLWAAGVLTLAAVAWAIRAIMS
sequence_141,Non-AMP,0.0003,MIERGERNPTLETAKKFANALAVKVSDLFE
sequence_142,Non-AMP,0.0001,MERALELAREAAEHDEVPVGAVVVRDGEVV
sequence_143,Non-AMP,0.0001,MRILVVDDEENIRELLRLNLEMEGYEVQTA
sequence_144,Non-AMP,0.0029,FWSRGYFVGTVGENVSEETIRKYIEGQGKE
sequence_145,Non-AMP,0.0266,MRYKVVIKKRAEKELKKLPEEVRKRVIERV
sequence_146,Non-AMP,0.1126,MSAKNRNSKSAKKPQQNAKQQARRPSDQNR
sequence_147,Non-AMP,0.0006,YIHFYNHQHRHSFLGYLSPVEFEQQHLKVA
sequence_148,Non-AMP,0.0047,GLEMGADDYVTKPFSSIELAARVRAVLRRQ
sequence_149,AMP,0.8806,MTTAVTAADRPPLGVPRPGTRPAPPRRAVT
sequence_150,AMP,0.9986,MEAITLMIAFGTFVIGLLTLVIELIKAIKK
sequence_151,AMP,0.9928,MNKKKLQKIIVWIMLLAMVLSTVLTAVAAL
sequence_152,AMP,0.952,MKTTKKTWQKPVFTKKRIGFEVTLYIANNR
sequence_153,Non-AMP,0.0157,MTVAADLAFIALTAALFAVVALVARGVERL
sequence_154,AMP,0.9349,MFFLNLYTYTINIGYKNRQKSISLPKKQIY
sequence_155,AMP,0.5099,MKKSTKVIYILMIIVAVLNVISTIINIVNK
sequence_156,AMP,0.5447,MSVYQALTLMIAFGMFMISLLTLIITITKK
sequence_157,Non-AMP,0.1633,MRLQGKVAVVTGASRGIGKAIAIRLAQEGA
sequence_158,Non-AMP,0.0002,MSPEYAMDGLFSTKSDVFSFGVLLLEIISG
sequence_159,Non-AMP,0.4973,MILTLVYLRVYPTHKVIATLFNVHESTVSR
sequence_160,Non-AMP,0.1462,MSTKKTYQKPALTKKGRLSAITAQIPSPTN
sequence_161,Non-AMP,0.001,MKNNKYSQEFKTECVNLYLNGNLSMKQTAQ
sequence_162,Non-AMP,0.0001,MTKVAELETKVTELETKVAELPTKVTELET
sequence_163,Non-AMP,0.0012,MRVIERAGHMPQMERPEEFNRALLDFLGAL
sequence_164,Non-AMP,0.0004,MAEKGKILIVDDEEKIRVLCKKILEREKYE
sequence_165,Non-AMP,0.2223,MNRKRLFVGLGNPGQRYAATRHNVGFMVLD
sequence_166,Non-AMP,0.0585,MKRKGFTLIELMVVIAIIAILAAILLPNFT
sequence_167,Non-AMP,0.0002,MKTGIIRKVDELGRVVIPKEIREKAHLENP
sequence_168,Non-AMP,0.2014,MKNLKKLNKKELKKINGGTGLGGQPMTDPK
sequence_169,Non-AMP,0.0011,GDFTAISFTHTYREANQVMDALANNGANLV
sequence_170,Non-AMP,0.0006,MMIFDYVLAGVAAAAIFVYLVYALLKPEKF
sequence_171,Non-AMP,0.0021,MSKNYELFKDFSENIEFLIKNILKNIVYIL
sequence_172,Non-AMP,0.0009,MENKALRAEIERLQAENAHLRAQLEKFKNR
sequence_173,AMP,0.9794,MSKQKKRTRIIALVCAAVMVVAMVLPMIFM
sequence_174,Non-AMP,0.418,MTLFFDWTAGILAVCLFVYLLYALLKPEKF
sequence_175,Non-AMP,0.0003,MSSTTLSITELDALLEREAAAEVEQREAAE
sequence_176,Non-AMP,0.0007,YIEVFYNRQRRHSALGYLSPVEFEQRHLVA
sequence_177,AMP,0.6123,MLKGKEKISNRKSSFSKKASFFKCKQRTVL
sequence_178,AMP,0.9991,MVKRLLWFIGIWAASVAALGLVALIIRAMM
sequence_179,Non-AMP,0.1971,MMKKTYSKPALTKKGKLSAITAGPSSPTNQ
sequence_180,Non-AMP,0.002,DIANAVLFLASDAASFVTGQSIAVDGGWTA
sequence_181,Non-AMP,0.0989,MTPVADLIFITLTIATFALLGLAIKACEKL
sequence_182,AMP,0.5089,MFSNPAKRKALFGIVAILLVIVFAASIVMA
sequence_183,Non-AMP,0.3938,MTKKIVVVGGGIAGLTTAYYLRKKLPKETL
sequence_184,Non-AMP,0.0036,MRLKDKVAIVTGASSGIGKATAIKFAEEGA
sequence_185,Non-AMP,0.0023,MSKLVCYCFGYSEKDIKENIEKNNAKTIKE
sequence_186,Non-AMP,0.0022,MSETSEIPENRDYYAEYLHYKSLYLEKGKK
sequence_187,Non-AMP,0.0003,MKIVVCVKQVPDTSDRVKVDPKTRKLTREA
sequence_188,Non-AMP,0.0053,MNIKDVAKLAGVSTATVSRVLNNHPKVSYT
sequence_189,Non-AMP,0.0007,IDRVFPLEEAAEAHRYMETRRATGKVLLKP
sequence_190,Non-AMP,0.001,LLSYRTTPRTSTGATPFSLAYGMEAVIPAE
sequence_191,AMP,1.0,MFVCFLFYCLLFFKTKKVSFLKNLKKKGKY
sequence_192,Non-AMP,0.0,YSVENHVATITLNRPEALNALNRQMILDLK
sequence_193,AMP,0.9919,MGYGYGGGYGNNFALIVVLFILLIIVGAFC
sequence_194,Non-AMP,0.0011,MTVFDYVVAGILAVALLGYLVYALLKPEKF
sequence_195,Non-AMP,0.0004,AVVFLASDEASYVTGQSLVVDGGLTLAGAG
sequence_196,Non-AMP,0.0001,LLGHASVETTQIYTHVTLERLRGVKSPLDD
sequence_197,Non-AMP,0.0008,HLHYFLALAEELHFTRAAQRLHMTQPALSQ
sequence_198,Non-AMP,0.0079,GYPVAAVVIDEDLPKLAQKRPGDTVRFRFV
sequence_199,Non-AMP,0.148,MRTELVLDALTMAIWRRKPPAGLIHHSDRG
sequence_200,Non-AMP,0.011,MKKFDEKAFKKFLKSQNLTREQLKELAKKT
