design_id,binder_len,n_interface,n_epitope_hit,epitope_recall,interface_precision,n_catalytic_contacts,catalytic_ok,contacted_epitope,target_chain,status
NDM5_design_1726,38,24,16,0.8,0.667,5,True,65|67|73|93|122|123|124|189|208|211|216|217|218|219|220|250,A,ok
NDM5_design_0669,45,23,13,0.65,0.565,3,True,65|67|73|93|122|123|124|211|216|217|219|220|250,A,ok
NDM5_design_4313,40,25,16,0.8,0.64,6,True,65|67|73|93|120|122|123|124|189|208|211|217|218|219|220|250,A,ok
NDM5_design_4428,34,24,15,0.75,0.625,5,True,67|73|122|123|124|189|208|211|216|217|218|219|220|249|250,A,ok
NDM5_design_3925,37,28,16,0.8,0.571,6,True,65|67|73|93|120|122|123|124|189|208|216|217|218|219|220|250,A,ok
NDM5_design_3923,37,26,16,0.8,0.615,5,True,65|67|73|93|122|123|124|189|208|211|216|217|218|219|220|250,A,ok
NDM5_design_1512,36,27,14,0.7,0.519,5,True,65|67|73|93|122|123|124|189|208|211|218|219|220|250,A,ok
NDM5_design_0978,40,20,12,0.6,0.6,4,True,67|73|122|123|124|189|216|217|218|219|220|250,A,ok
NDM5_design_3566,40,26,15,0.75,0.577,4,True,65|67|73|93|122|123|124|189|211|216|217|218|219|220|250,A,ok
NDM5_design_4894,40,23,14,0.7,0.609,4,True,65|67|73|93|122|123|124|189|211|217|218|219|220|250,A,ok
NDM5_design_1836,40,27,16,0.8,0.593,6,True,65|67|73|93|120|122|123|124|189|208|211|216|217|219|220|250,A,ok
NDM5_design_1755,38,21,12,0.6,0.571,3,True,65|67|73|93|122|123|124|217|218|219|220|250,A,ok
NDM5_design_4121,36,23,14,0.7,0.609,4,True,65|67|93|122|123|124|189|211|216|217|218|219|220|250,A,ok
NDM5_design_2416,38,28,15,0.75,0.536,4,True,65|67|73|93|122|123|124|189|211|216|217|218|219|220|250,A,ok
NDM5_design_1600,41,23,13,0.65,0.565,4,True,67|73|93|122|123|189|208|211|217|218|219|220|250,A,ok
NDM5_design_0089,38,22,14,0.7,0.636,5,True,65|67|73|93|122|123|124|189|208|216|217|219|220|250,A,ok
NDM5_design_1555,35,24,15,0.75,0.625,5,True,65|67|73|93|122|123|124|189|208|211|216|217|219|220|250,A,ok
NDM5_design_2204,43,23,12,0.6,0.522,5,True,65|67|73|93|122|123|124|189|208|219|220|250,A,ok
NDM5_design_3086,39,25,15,0.75,0.6,6,True,65|67|73|93|120|122|123|124|189|208|211|217|219|220|250,A,ok
NDM5_design_1602,41,24,14,0.7,0.583,5,True,65|67|73|93|122|123|124|189|208|211|217|219|220|250,A,ok
NDM5_design_1241,38,25,17,0.85,0.68,6,True,65|67|73|93|120|122|123|124|189|208|211|216|217|218|219|220|250,A,ok
NDM5_design_1572,41,23,16,0.8,0.696,4,True,65|67|73|93|122|123|189|190|208|211|216|217|218|219|220|250,A,ok
NDM5_design_4708,35,24,14,0.7,0.583,6,True,67|93|120|122|123|124|189|208|211|216|217|219|220|250,A,ok
NDM5_design_0667,45,19,14,0.7,0.737,4,True,65|67|73|93|123|124|189|208|211|216|217|219|220|250,A,ok
NDM5_design_2803,38,21,14,0.7,0.667,4,True,65|67|73|93|122|123|124|189|211|217|218|219|220|250,A,ok
NDM5_design_4176,42,24,16,0.8,0.667,5,True,65|67|73|93|122|123|124|189|208|211|216|217|218|219|220|250,A,ok
NDM5_design_1643,43,24,16,0.8,0.667,6,True,65|67|73|93|120|122|123|124|189|208|211|217|218|219|220|250,A,ok
NDM5_design_2200,43,23,13,0.65,0.565,4,True,65|67|73|93|122|123|124|189|216|217|219|220|250,A,ok
NDM5_design_2659,40,21,12,0.6,0.571,3,True,65|67|73|93|122|123|124|216|217|219|220|250,A,ok
NDM5_design_1022,33,30,15,0.75,0.5,5,True,65|67|73|93|122|123|124|189|208|211|216|217|219|220|250,A,ok
NDM5_design_2187,39,22,13,0.65,0.591,5,True,65|67|73|93|122|123|124|189|208|217|219|220|250,A,ok
NDM5_design_1592,44,23,15,0.75,0.652,5,True,65|67|73|93|122|123|124|189|208|211|217|218|219|220|250,A,ok
NDM5_design_2085,35,25,15,0.75,0.6,6,True,65|67|73|93|120|122|123|124|189|208|217|218|219|220|250,A,ok
NDM5_design_1620,43,20,10,0.5,0.5,3,True,65|67|73|93|122|123|124|219|220|250,A,ok
NDM5_design_2080,35,22,16,0.8,0.727,6,True,67|73|93|120|122|123|124|189|208|211|216|217|218|219|220|250,A,ok
NDM5_design_1779,42,26,16,0.8,0.615,6,True,67|73|93|120|122|123|124|189|208|211|216|217|218|219|220|250,A,ok
NDM5_design_2752,41,24,16,0.8,0.667,6,True,65|67|73|93|120|122|123|124|189|208|211|217|218|219|220|250,A,ok
NDM5_design_1016,33,28,17,0.85,0.607,6,True,65|67|73|93|120|122|123|124|189|208|211|216|217|218|219|220|250,A,ok
NDM5_design_1875,42,23,11,0.55,0.478,3,True,65|67|73|93|122|123|124|211|219|220|250,A,ok
NDM5_design_1077,43,22,15,0.75,0.682,6,True,67|73|93|120|122|123|124|125|189|208|211|217|219|220|250,A,ok
NDM5_design_2657,40,22,15,0.75,0.682,5,True,65|67|73|93|122|123|124|189|208|211|217|218|219|220|250,A,ok
NDM5_design_1596,44,26,15,0.75,0.577,5,True,65|67|73|93|122|123|124|189|208|211|217|218|219|220|250,A,ok
NDM5_design_1073,43,25,16,0.8,0.64,5,True,65|67|73|93|122|123|124|189|208|211|216|217|218|219|220|250,A,ok
NDM5_design_3217,40,25,14,0.7,0.56,3,True,65|67|73|93|123|124|189|211|216|217|218|219|220|250,A,ok
NDM5_design_3128,33,27,16,0.8,0.593,5,True,65|67|73|93|122|123|124|189|208|211|216|217|218|219|220|250,A,ok
NDM5_design_1932,28,23,15,0.75,0.652,5,True,67|73|93|122|123|124|189|190|208|211|217|218|219|220|250,A,ok
NDM5_design_0475,44,26,16,0.8,0.615,6,True,65|67|73|93|120|122|123|124|189|208|211|217|218|219|220|250,A,ok
NDM5_design_1560,27,21,13,0.65,0.619,5,True,65|67|73|93|122|123|124|189|208|216|219|220|250,A,ok
NDM5_design_0807,38,24,16,0.8,0.667,5,True,65|67|73|93|122|123|124|189|208|211|216|217|218|219|220|250,A,ok
NDM5_design_3220,40,22,12,0.6,0.545,3,True,65|67|73|93|122|123|124|216|217|219|220|250,A,ok
NDM5_design_2894,45,25,15,0.75,0.6,4,True,65|67|73|93|122|123|124|189|190|211|217|218|219|220|250,A,ok
NDM5_design_1111,40,21,15,0.75,0.714,4,True,65|67|73|93|123|124|189|208|211|216|217|218|219|220|250,A,ok
NDM5_design_2000,44,22,12,0.6,0.545,5,True,67|93|122|123|124|189|208|216|217|219|220|250,A,ok
NDM5_design_1846,36,19,9,0.45,0.474,3,True,67|73|93|122|124|217|219|220|250,A,ok
NDM5_design_2188,39,23,14,0.7,0.609,4,True,65|67|73|93|122|123|124|189|211|217|218|219|220|250,A,ok
NDM5_design_2556,37,21,14,0.7,0.667,4,True,67|73|93|122|123|124|189|211|216|217|218|219|220|250,A,ok
NDM5_design_2306,38,23,14,0.7,0.609,5,True,65|67|73|93|122|123|124|189|208|211|217|219|220|250,A,ok
NDM5_design_4795,37,26,15,0.75,0.577,5,True,65|67|73|93|122|123|124|189|208|211|216|217|219|220|250,A,ok
NDM5_design_0544,34,19,13,0.65,0.684,6,True,67|73|93|120|122|123|124|189|208|217|219|220|250,A,ok
NDM5_design_1115,40,24,15,0.75,0.625,5,True,65|67|73|93|122|123|124|189|208|211|217|218|219|220|250,A,ok
NDM5_design_0792,26,23,17,0.85,0.739,6,True,65|67|73|93|120|122|123|124|189|208|211|216|217|218|219|220|250,A,ok
NDM5_design_1603,41,23,14,0.7,0.609,5,True,65|67|73|93|122|123|124|189|208|211|218|219|220|250,A,ok
NDM5_design_0715,33,23,15,0.75,0.652,5,True,65|67|73|93|122|123|124|189|208|211|217|218|219|220|250,A,ok
NDM5_design_0247,39,25,16,0.8,0.64,4,True,65|67|73|93|122|123|189|208|211|216|217|218|219|220|249|250,A,ok
NDM5_design_0982,43,21,14,0.7,0.667,4,True,65|67|73|93|122|123|124|189|216|217|218|219|220|250,A,ok
NDM5_design_1008,28,23,16,0.8,0.696,5,True,65|67|73|93|122|123|124|189|208|211|216|217|218|219|220|250,A,ok
NDM5_design_0243,39,23,17,0.85,0.739,5,True,65|67|73|93|122|123|124|189|208|211|216|217|218|219|220|249|250,A,ok
NDM5_design_1853,44,20,13,0.65,0.65,5,True,65|67|73|93|122|123|124|189|208|211|219|220|250,A,ok
NDM5_design_1284,30,19,16,0.8,0.842,6,True,65|67|73|93|120|122|123|124|189|208|211|216|217|219|220|250,A,ok
NDM5_design_3490,26,23,16,0.8,0.696,6,True,65|67|73|93|120|122|123|124|189|208|211|216|217|219|220|250,A,ok
NDM5_design_0758,33,21,13,0.65,0.619,6,True,67|73|120|122|123|124|189|208|216|217|219|220|250,A,ok
NDM5_design_0611,43,22,17,0.85,0.773,6,True,65|67|73|93|120|122|123|124|189|208|211|216|217|219|220|249|250,A,ok
NDM5_design_1357,45,18,11,0.55,0.611,3,True,65|67|73|93|122|123|124|217|219|220|250,A,ok
NDM5_design_1030,42,21,13,0.65,0.619,3,True,65|67|73|93|122|123|124|211|217|218|219|220|250,A,ok
NDM5_design_2451,34,22,15,0.75,0.682,5,True,65|67|73|93|122|123|124|189|208|211|217|218|219|220|250,A,ok
NDM5_design_0635,35,24,16,0.8,0.667,5,True,65|67|73|93|122|123|124|189|208|211|216|217|218|219|220|250,A,ok
NDM5_design_1879,42,16,12,0.6,0.75,3,True,65|67|73|93|122|123|189|211|217|219|220|250,A,ok
NDM5_design_2205,43,20,15,0.75,0.75,5,True,67|73|93|122|123|124|189|208|211|216|217|218|219|220|250,A,ok
NDM5_design_0577,37,23,17,0.85,0.739,5,True,65|67|73|93|122|123|124|189|208|211|216|217|218|219|220|249|250,A,ok
NDM5_design_0970,40,21,15,0.75,0.714,4,True,65|67|73|93|123|124|189|208|211|216|217|218|219|220|250,A,ok
NDM5_design_0502,32,21,15,0.75,0.714,5,True,65|67|73|93|122|123|124|189|208|211|216|218|219|220|250,A,ok
NDM5_design_2654,40,26,15,0.75,0.577,5,True,65|67|73|93|122|123|124|189|208|211|216|217|219|220|250,A,ok
NDM5_design_4577,38,22,15,0.75,0.682,5,True,67|73|93|122|123|124|189|208|211|216|217|218|219|220|250,A,ok
NDM5_design_0979,40,22,13,0.65,0.591,3,True,65|67|73|93|122|123|124|211|216|217|219|220|250,A,ok
NDM5_design_0574,37,23,16,0.8,0.696,5,True,65|67|73|93|122|123|124|189|208|211|216|217|218|219|220|250,A,ok
NDM5_design_1348,34,25,13,0.65,0.52,4,True,65|67|73|93|122|123|124|189|211|217|219|220|250,A,ok
NDM5_design_0610,43,28,16,0.8,0.571,5,True,65|67|73|93|122|123|124|189|208|211|216|217|218|219|220|250,A,ok
NDM5_design_1390,43,28,16,0.8,0.571,6,True,65|67|73|93|120|122|123|124|189|208|216|217|218|219|220|250,A,ok
NDM5_design_0312,41,21,15,0.75,0.714,5,True,67|73|93|122|123|124|189|208|211|216|217|218|219|220|250,A,ok
NDM5_design_0660,45,22,14,0.7,0.636,5,True,65|67|73|93|122|123|124|189|208|211|217|219|220|250,A,ok
NDM5_design_1379,36,29,17,0.85,0.586,6,True,65|67|73|93|120|122|123|124|189|208|211|216|217|218|219|220|250,A,ok
NDM5_design_0070,40,21,13,0.65,0.619,4,True,65|67|73|93|122|123|124|189|211|218|219|220|250,A,ok
NDM5_design_0858,44,18,14,0.7,0.778,6,True,67|73|93|120|122|123|124|189|208|211|217|219|220|250,A,ok
NDM5_design_0103,39,22,15,0.75,0.682,5,True,65|67|73|93|122|123|124|189|208|211|217|218|219|220|250,A,ok
NDM5_design_4677,35,21,15,0.75,0.714,5,True,65|67|73|93|122|123|124|189|208|211|217|218|219|220|250,A,ok
NDM5_design_0981,43,24,17,0.85,0.708,6,True,65|67|73|93|120|122|123|124|189|208|211|216|217|218|219|220|250,A,ok
NDM5_design_3215,40,19,11,0.55,0.579,3,True,65|67|73|93|122|123|124|211|219|220|250,A,ok
NDM5_design_0395,30,21,14,0.7,0.667,6,True,65|67|73|93|120|122|123|124|189|208|217|219|220|250,A,ok
NDM5_design_1432,34,23,16,0.8,0.696,5,True,65|67|73|93|120|122|123|124|189|211|216|217|218|219|220|250,A,ok
NDM5_design_2603,26,24,15,0.75,0.625,6,True,65|67|73|93|120|122|124|189|208|211|216|217|219|220|250,A,ok
NDM5_design_0083,38,22,12,0.6,0.545,3,True,65|67|73|93|122|123|124|211|217|219|220|250,A,ok
NDM5_design_1898,44,18,14,0.7,0.778,5,True,67|73|93|122|123|124|189|208|211|217|218|219|220|250,A,ok
NDM5_design_1626,43,18,9,0.45,0.5,3,True,65|67|73|93|122|123|124|220|250,A,ok
NDM5_design_0330,36,16,12,0.6,0.75,4,True,67|73|93|122|123|124|189|211|217|219|220|250,A,ok
NDM5_design_4240,34,25,13,0.65,0.52,4,True,65|67|73|93|122|123|124|189|211|216|217|219|250,A,ok
NDM5_design_1893,44,17,11,0.55,0.647,3,True,67|73|93|122|123|124|211|218|219|220|250,A,ok
NDM5_design_1956,39,19,12,0.6,0.632,4,True,65|67|73|93|122|123|124|189|211|219|220|250,A,ok
NDM5_design_0107,39,20,15,0.75,0.75,5,True,65|67|73|93|122|123|124|189|208|211|217|218|219|220|250,A,ok
NDM5_design_3080,39,23,13,0.65,0.565,5,True,65|67|93|122|123|124|189|208|211|217|219|220|250,A,ok
NDM5_design_0984,43,27,16,0.8,0.593,6,True,65|67|73|93|120|122|123|124|189|208|216|217|218|219|220|250,A,ok
NDM5_design_2942,26,18,12,0.6,0.667,3,True,65|67|73|93|122|123|124|211|217|219|220|250,A,ok
NDM5_design_0803,38,13,8,0.4,0.615,3,True,67|73|122|189|217|219|220|250,A,ok
NDM5_design_2469,43,19,11,0.55,0.579,4,True,65|67|73|93|122|123|124|189|219|220|250,A,ok
NDM5_design_0458,40,20,13,0.65,0.65,6,True,67|73|93|120|122|124|189|208|216|217|219|220|250,A,ok
NDM5_design_1217,37,18,15,0.75,0.833,6,True,65|67|73|93|120|122|123|124|189|208|211|217|219|220|250,A,ok
NDM5_design_2307,38,22,17,0.85,0.773,6,True,65|67|73|93|120|122|123|124|125|189|190|208|211|219|220|249|250,A,ok
NDM5_design_1119,40,15,7,0.35,0.467,1,True,67|73|93|217|219|220|250,A,ok
NDM5_design_2364,38,22,11,0.55,0.5,3,True,67|73|93|122|123|189|211|216|219|220|250,A,ok
NDM5_design_1579,41,23,16,0.8,0.696,6,True,65|67|73|93|120|122|123|124|189|208|211|216|217|219|220|250,A,ok
NDM5_design_0777,20,23,14,0.7,0.609,5,True,65|67|73|93|122|123|124|189|208|211|217|219|220|250,A,ok
NDM5_design_0856,44,20,14,0.7,0.7,6,True,65|67|73|93|120|122|123|124|189|208|217|219|220|250,A,ok
NDM5_design_2415,38,22,15,0.75,0.682,6,True,65|67|93|120|122|123|124|189|208|211|216|217|219|220|250,A,ok
NDM5_design_0298,34,22,13,0.65,0.591,5,True,65|67|73|93|122|123|124|189|208|217|219|220|250,A,ok
NDM5_design_3209,42,23,15,0.75,0.652,5,True,65|67|73|93|122|123|124|189|208|211|216|217|219|220|250,A,ok
NDM5_design_0701,29,18,15,0.75,0.833,5,True,65|67|73|93|122|124|189|208|211|216|217|218|219|220|250,A,ok
NDM5_design_1784,36,23,15,0.75,0.652,5,True,65|67|73|93|122|123|124|189|208|211|216|217|219|220|250,A,ok
NDM5_design_1577,41,23,15,0.75,0.652,5,True,65|67|73|93|122|123|124|189|208|211|217|218|219|220|250,A,ok
NDM5_design_2454,34,20,13,0.65,0.65,5,True,65|67|73|93|122|123|124|189|208|217|219|220|250,A,ok
NDM5_design_4003,45,25,17,0.85,0.68,6,True,65|67|73|93|120|122|123|124|189|208|211|216|217|218|219|220|250,A,ok
NDM5_design_0291,34,26,15,0.75,0.577,6,True,65|67|73|93|120|122|123|124|189|208|211|217|219|220|250,A,ok
NDM5_design_0316,41,18,12,0.6,0.667,2,True,65|67|73|93|123|189|211|216|217|219|220|250,A,ok
NDM5_design_2477,24,21,15,0.75,0.714,4,True,65|67|73|93|122|123|124|208|211|216|217|218|219|220|250,A,ok
NDM5_design_2217,39,18,11,0.55,0.611,4,True,65|67|73|93|122|123|124|208|219|220|250,A,ok
NDM5_design_2362,38,14,10,0.5,0.714,5,True,67|73|93|122|123|124|189|208|220|250,A,ok
NDM5_design_0255,29,24,16,0.8,0.667,5,True,65|67|73|93|122|123|124|189|208|211|216|217|218|219|220|250,A,ok
NDM5_design_1524,45,22,14,0.7,0.636,6,True,65|67|73|93|120|122|123|124|189|208|217|219|220|250,A,ok
NDM5_design_1729,38,17,16,0.8,0.941,6,True,67|73|93|120|122|123|124|189|208|211|216|217|218|219|220|250,A,ok
NDM5_design_0071,40,21,14,0.7,0.667,5,True,67|73|93|122|123|124|189|208|211|216|217|219|220|250,A,ok
NDM5_design_0553,13,17,14,0.7,0.824,5,True,67|73|93|122|123|124|189|208|211|217|219|220|249|250,A,ok
NDM5_design_3384,38,29,16,0.8,0.552,5,True,65|67|73|93|122|123|124|189|208|211|216|217|218|219|220|250,A,ok
NDM5_design_4882,12,17,10,0.5,0.588,2,True,67|73|93|189|211|217|218|219|220|250,A,ok
NDM5_design_1556,35,21,16,0.8,0.762,6,True,65|67|73|93|120|122|123|124|189|208|211|216|217|219|220|250,A,ok
NDM5_design_1127,14,17,15,0.75,0.882,5,True,67|73|93|122|123|124|189|208|211|216|217|218|219|220|250,A,ok
NDM5_design_2095,13,14,10,0.5,0.714,3,True,73|189|208|211|216|217|218|219|220|250,A,ok
NDM5_design_2647,14,14,9,0.45,0.643,1,True,67|73|211|216|217|218|219|220|250,A,ok
NDM5_design_0851,44,22,17,0.85,0.773,6,True,65|67|73|93|120|122|123|124|189|190|208|211|217|218|219|220|250,A,ok
NDM5_design_1856,44,19,14,0.7,0.737,5,True,67|73|93|122|123|124|189|208|216|217|218|219|220|250,A,ok
NDM5_design_0174,38,28,18,0.9,0.643,6,True,65|67|73|93|120|122|123|124|189|208|211|216|217|218|219|220|249|250,A,ok
NDM5_design_1263,36,22,16,0.8,0.727,6,True,65|67|73|93|120|122|123|124|189|208|211|216|217|219|220|250,A,ok
NDM5_design_0583,31,20,14,0.7,0.7,6,True,67|73|93|120|122|123|124|189|208|216|217|219|220|250,A,ok
NDM5_design_1397,43,22,14,0.7,0.636,5,True,67|73|93|122|123|124|189|208|211|217|218|219|220|250,A,ok
NDM5_design_0649,37,22,14,0.7,0.636,5,True,67|73|93|122|123|124|189|208|211|216|217|219|220|250,A,ok
NDM5_design_0369,37,25,16,0.8,0.64,5,True,65|67|73|93|120|122|123|124|189|190|211|216|217|219|220|250,A,ok
NDM5_design_0614,43,22,14,0.7,0.636,5,True,65|67|73|93|122|123|124|189|208|211|217|219|220|250,A,ok
NDM5_design_4367,12,20,16,0.8,0.8,6,True,67|73|93|120|122|123|124|189|190|208|211|217|218|219|220|250,A,ok
NDM5_design_3267,35,20,16,0.8,0.8,5,True,65|67|73|93|122|123|124|189|208|211|216|217|219|220|249|250,A,ok
NDM5_design_2686,24,18,15,0.75,0.833,5,True,65|67|73|93|122|123|124|189|208|211|216|217|219|220|250,A,ok
NDM5_design_1107,28,20,17,0.85,0.85,6,True,65|67|73|93|120|122|123|124|189|208|211|216|217|218|219|220|250,A,ok
NDM5_design_1007,28,22,17,0.85,0.773,6,True,65|67|73|93|120|122|123|124|189|208|211|216|217|218|219|220|250,A,ok
NDM5_design_2059,33,22,14,0.7,0.636,5,True,65|67|73|93|122|123|124|189|208|211|217|219|220|250,A,ok
NDM5_design_1772,42,20,12,0.6,0.6,4,True,67|73|93|122|123|124|189|211|217|219|220|250,A,ok
NDM5_design_2296,19,21,16,0.8,0.762,4,True,65|67|73|93|122|123|189|208|211|216|217|218|219|220|249|250,A,ok
NDM5_design_0936,23,22,17,0.85,0.773,6,True,65|67|73|93|120|122|123|124|189|208|211|216|217|218|219|220|250,A,ok
NDM5_design_1296,30,23,15,0.75,0.652,5,True,65|67|73|93|122|123|124|189|208|211|216|217|219|220|250,A,ok
NDM5_design_2037,43,25,16,0.8,0.64,6,True,67|73|93|120|122|123|124|189|208|211|216|217|218|219|220|250,A,ok
NDM5_design_1646,43,28,17,0.85,0.607,6,True,65|67|73|93|120|122|123|124|189|208|211|217|218|219|220|249|250,A,ok
NDM5_design_3221,40,26,16,0.8,0.615,6,True,65|67|73|93|120|122|123|124|189|190|208|211|217|219|220|250,A,ok
NDM5_design_0548,34,24,15,0.75,0.625,5,True,67|73|93|122|123|124|189|208|211|216|217|218|219|220|250,A,ok
NDM5_design_2413,38,21,14,0.7,0.667,4,True,65|67|73|93|122|123|124|189|211|216|217|219|220|250,A,ok
NDM5_design_2308,38,21,13,0.65,0.619,4,True,67|73|93|122|123|124|189|211|216|217|219|220|250,A,ok
NDM5_design_0076,40,23,15,0.75,0.652,6,True,67|73|120|122|123|124|189|208|211|216|217|218|219|220|250,A,ok
NDM5_design_1199,28,21,15,0.75,0.714,5,True,65|67|73|93|122|123|124|189|208|211|217|218|219|220|250,A,ok
NDM5_design_1167,28,15,14,0.7,0.933,4,True,65|67|73|93|122|123|124|208|211|217|218|219|220|250,A,ok
NDM5_design_2036,43,21,15,0.75,0.714,5,True,65|67|73|93|122|123|124|189|208|211|216|217|219|220|250,A,ok
NDM5_design_2236,27,17,12,0.6,0.706,3,True,65|67|73|93|122|123|124|211|217|219|220|250,A,ok
NDM5_design_1143,39,20,14,0.7,0.7,6,True,67|73|93|120|122|123|124|189|208|216|217|219|220|250,A,ok
NDM5_design_4811,14,17,15,0.75,0.882,5,True,67|73|93|122|123|124|189|208|211|216|217|218|219|220|250,A,ok
NDM5_design_1552,35,16,11,0.55,0.688,1,True,65|67|73|93|211|216|217|218|219|220|250,A,ok
NDM5_design_0162,12,19,13,0.65,0.684,5,True,67|73|93|122|124|189|208|211|216|217|219|220|250,A,ok
NDM5_design_0735,32,22,17,0.85,0.773,6,True,65|67|73|93|120|122|123|124|189|208|211|216|217|218|219|220|250,A,ok
NDM5_design_1704,31,22,16,0.8,0.727,6,True,65|67|73|93|120|122|123|124|189|208|211|216|217|219|220|250,A,ok
NDM5_design_1629,43,18,11,0.55,0.611,4,True,67|73|93|122|123|124|189|217|219|220|250,A,ok
NDM5_design_3433,42,23,15,0.75,0.652,5,True,65|67|73|93|122|123|124|189|208|211|216|217|219|220|250,A,ok
NDM5_design_0495,34,19,12,0.6,0.632,3,True,65|67|73|93|123|124|189|216|217|219|220|250,A,ok
NDM5_design_2189,39,19,12,0.6,0.632,3,True,65|67|73|93|122|123|124|216|217|219|220|250,A,ok
NDM5_design_1830,40,22,15,0.75,0.682,6,True,65|67|73|93|120|122|123|124|189|208|216|217|219|220|250,A,ok
NDM5_design_2381,27,19,13,0.65,0.684,3,True,65|67|73|93|122|123|189|211|217|218|219|220|250,A,ok
NDM5_design_0178,38,24,16,0.8,0.667,5,True,65|67|73|93|122|123|124|189|208|211|217|218|219|220|249|250,A,ok
NDM5_design_0630,35,26,18,0.9,0.692,6,True,65|67|73|93|120|122|123|124|189|208|211|216|217|218|219|220|249|250,A,ok
NDM5_design_0266,33,23,16,0.8,0.696,6,True,67|73|93|120|122|123|124|189|208|211|216|217|218|219|220|250,A,ok
NDM5_design_1595,44,22,13,0.65,0.591,4,True,65|67|73|93|122|123|189|208|211|217|219|220|250,A,ok
NDM5_design_0986,43,19,12,0.6,0.632,1,True,65|67|73|93|123|211|216|217|218|219|220|250,A,ok
NDM5_design_1106,28,18,15,0.75,0.833,6,True,65|67|73|93|120|122|123|124|189|208|211|216|217|219|250,A,ok
NDM5_design_1382,31,18,13,0.65,0.722,3,True,65|67|73|93|122|123|189|211|216|217|219|220|250,A,ok
NDM5_design_1067,37,29,16,0.8,0.552,5,True,65|67|73|93|122|123|124|189|208|211|216|217|218|219|220|250,A,ok
NDM5_design_4139,24,20,15,0.75,0.75,5,True,67|73|93|122|123|124|189|208|211|216|217|218|219|220|250,A,ok
NDM5_design_2814,41,28,15,0.75,0.536,4,True,65|67|73|93|122|123|189|208|211|216|217|218|219|220|250,A,ok
NDM5_design_0339,36,14,9,0.45,0.643,2,True,67|73|93|124|216|217|219|220|250,A,ok
NDM5_design_3727,17,20,16,0.8,0.8,6,True,65|67|73|93|120|122|123|124|189|208|211|217|218|219|220|250,A,ok
NDM5_design_1897,44,24,12,0.6,0.5,4,True,65|67|93|120|122|123|124|189|216|217|219|220,A,ok
