design_id,control,mode,mutated_positions
KPC3_design_4266,KPC3_design_4266_ifaceAla,complex,"6,9,10,14,15,16,17,18,19,20,21,22,23,24,25,27,28,31,32,35,36,39,40"
KPC3_design_4266,KPC3_design_4266_L6A,complex,6
KPC3_design_4266,KPC3_design_4266_E9A,complex,9
KPC3_design_4266,KPC3_design_4266_L10A,complex,10
KPC3_design_4266,KPC3_design_4266_E15A,complex,15
KPC3_design_4266,KPC3_design_4266_T16A,complex,16
KPC3_design_4266,KPC3_design_4266_G17A,complex,17
KPC3_design_4266,KPC3_design_4266_L18A,complex,18
KPC3_design_4266,KPC3_design_4266_G20A,complex,20
KPC3_design_4266,KPC3_design_4266_G21A,complex,21
KPC3_design_4266,KPC3_design_4266_P23A,complex,23
KPC3_design_4266,KPC3_design_4266_T24A,complex,24
KPC3_design_4266,KPC3_design_4266_T25A,complex,25
KPC3_design_4266,KPC3_design_4266_E27A,complex,27
KPC3_design_4266,KPC3_design_4266_G28A,complex,28
KPC3_design_4266,KPC3_design_4266_E31A,complex,31
KPC3_design_4266,KPC3_design_4266_V32A,complex,32
KPC3_design_4266,KPC3_design_4266_K35A,complex,35
KPC3_design_4266,KPC3_design_4266_I36A,complex,36
KPC3_design_4266,KPC3_design_4266_D39A,complex,39
KPC3_design_4266,KPC3_design_4266_L40A,complex,40
KPC3_design_3597,KPC3_design_3597_ifaceAla,complex,"8,11,12,15,16,17,19,20,21,22,23,24,25,26,27,29,30,33,34,37,38,41,42"
KPC3_design_3597,KPC3_design_3597_L8A,complex,8
KPC3_design_3597,KPC3_design_3597_E11A,complex,11
KPC3_design_3597,KPC3_design_3597_M12A,complex,12
KPC3_design_3597,KPC3_design_3597_L15A,complex,15
KPC3_design_3597,KPC3_design_3597_L16A,complex,16
KPC3_design_3597,KPC3_design_3597_E17A,complex,17
KPC3_design_3597,KPC3_design_3597_G19A,complex,19
KPC3_design_3597,KPC3_design_3597_L20A,complex,20
KPC3_design_3597,KPC3_design_3597_P22A,complex,22
KPC3_design_3597,KPC3_design_3597_G23A,complex,23
KPC3_design_3597,KPC3_design_3597_P25A,complex,25
KPC3_design_3597,KPC3_design_3597_T26A,complex,26
KPC3_design_3597,KPC3_design_3597_T27A,complex,27
KPC3_design_3597,KPC3_design_3597_E29A,complex,29
KPC3_design_3597,KPC3_design_3597_G30A,complex,30
KPC3_design_3597,KPC3_design_3597_E33A,complex,33
KPC3_design_3597,KPC3_design_3597_Q34A,complex,34
KPC3_design_3597,KPC3_design_3597_I38A,complex,38
KPC3_design_3597,KPC3_design_3597_Y41A,complex,41
KPC3_design_3597,KPC3_design_3597_I42A,complex,42
KPC3_design_1762,KPC3_design_1762_ifaceAla,complex,"7,9,10,11,12,13,14,15,16,17,18,21,25,26,29"
KPC3_design_1762,KPC3_design_1762_R7A,complex,7
KPC3_design_1762,KPC3_design_1762_L9A,complex,9
KPC3_design_1762,KPC3_design_1762_Q10A,complex,10
KPC3_design_1762,KPC3_design_1762_K11A,complex,11
KPC3_design_1762,KPC3_design_1762_L12A,complex,12
KPC3_design_1762,KPC3_design_1762_G13A,complex,13
KPC3_design_1762,KPC3_design_1762_G14A,complex,14
KPC3_design_1762,KPC3_design_1762_G15A,complex,15
KPC3_design_1762,KPC3_design_1762_V16A,complex,16
KPC3_design_1762,KPC3_design_1762_G17A,complex,17
KPC3_design_1762,KPC3_design_1762_N18A,complex,18
KPC3_design_1762,KPC3_design_1762_E21A,complex,21
KPC3_design_1762,KPC3_design_1762_V25A,complex,25
KPC3_design_1762,KPC3_design_1762_E29A,complex,29
KPC3_design_3670,KPC3_design_3670_ifaceAla,complex,"6,10,11,12,13,14,15,16,17,18,20,21,25,28,29,32,33,35,36,37,39,40"
KPC3_design_3670,KPC3_design_3670_K12A,complex,12
KPC3_design_3670,KPC3_design_3670_G14A,complex,14
KPC3_design_3670,KPC3_design_3670_G15A,complex,15
KPC3_design_3670,KPC3_design_3670_G16A,complex,16
KPC3_design_3670,KPC3_design_3670_V17A,complex,17
KPC3_design_3670,KPC3_design_3670_T18A,complex,18
KPC3_design_3670,KPC3_design_3670_E20A,complex,20
KPC3_design_3670,KPC3_design_3670_L25A,complex,25
KPC3_design_3670,KPC3_design_3670_E28A,complex,28
KPC3_design_3670,KPC3_design_3670_L29A,complex,29
KPC3_design_3670,KPC3_design_3670_F33A,complex,33
KPC3_design_3670,KPC3_design_3670_K35A,complex,35
KPC3_design_3670,KPC3_design_3670_E36A,complex,36
KPC3_design_3670,KPC3_design_3670_R39A,complex,39
KPC3_design_3670,KPC3_design_3670_L40A,complex,40
KPC3_design_2952,KPC3_design_2952_ifaceAla,complex,"9,10,12,13,16,17,18,19,20,21,22,24,25,26,28,29,32,33,36,37"
KPC3_design_2952,KPC3_design_2952_F9A,complex,9
KPC3_design_2952,KPC3_design_2952_M10A,complex,10
KPC3_design_2952,KPC3_design_2952_E12A,complex,12
KPC3_design_2952,KPC3_design_2952_S13A,complex,13
KPC3_design_2952,KPC3_design_2952_G17A,complex,17
KPC3_design_2952,KPC3_design_2952_G18A,complex,18
KPC3_design_2952,KPC3_design_2952_G19A,complex,19
KPC3_design_2952,KPC3_design_2952_V20A,complex,20
KPC3_design_2952,KPC3_design_2952_G21A,complex,21
KPC3_design_2952,KPC3_design_2952_S22A,complex,22
KPC3_design_2952,KPC3_design_2952_E24A,complex,24
KPC3_design_2952,KPC3_design_2952_E25A,complex,25
KPC3_design_2952,KPC3_design_2952_E28A,complex,28
KPC3_design_2952,KPC3_design_2952_I33A,complex,33
KPC3_design_2952,KPC3_design_2952_D36A,complex,36
KPC3_design_3026,KPC3_design_3026_ifaceAla,complex,"7,8,9,10,11,12,13,14,15,16,17,18,19,20,21,24,33,34,35,38,39,41,42"
KPC3_design_3026,KPC3_design_3026_E7A,complex,7
KPC3_design_3026,KPC3_design_3026_E8A,complex,8
KPC3_design_3026,KPC3_design_3026_L9A,complex,9
KPC3_design_3026,KPC3_design_3026_V10A,complex,10
KPC3_design_3026,KPC3_design_3026_K11A,complex,11
KPC3_design_3026,KPC3_design_3026_E12A,complex,12
KPC3_design_3026,KPC3_design_3026_T13A,complex,13
KPC3_design_3026,KPC3_design_3026_G14A,complex,14
KPC3_design_3026,KPC3_design_3026_S15A,complex,15
KPC3_design_3026,KPC3_design_3026_G16A,complex,16
KPC3_design_3026,KPC3_design_3026_S18A,complex,18
KPC3_design_3026,KPC3_design_3026_P19A,complex,19
KPC3_design_3026,KPC3_design_3026_E20A,complex,20
KPC3_design_3026,KPC3_design_3026_T21A,complex,21
KPC3_design_3026,KPC3_design_3026_D24A,complex,24
KPC3_design_3026,KPC3_design_3026_N33A,complex,33
KPC3_design_3026,KPC3_design_3026_P34A,complex,34
KPC3_design_3026,KPC3_design_3026_V35A,complex,35
KPC3_design_3026,KPC3_design_3026_E38A,complex,38
KPC3_design_3026,KPC3_design_3026_V39A,complex,39
KPC3_design_3026,KPC3_design_3026_R41A,complex,41
KPC3_design_3026,KPC3_design_3026_R42A,complex,42
KPC3_design_0077,KPC3_design_0077_ifaceAla,complex,"9,11,12,13,14,15,16,17,18,20,21,22,25,28,29,30,32,33,36,37,40,44"
KPC3_design_0077,KPC3_design_0077_L9A,complex,9
KPC3_design_0077,KPC3_design_0077_E12A,complex,12
KPC3_design_0077,KPC3_design_0077_K13A,complex,13
KPC3_design_0077,KPC3_design_0077_G15A,complex,15
KPC3_design_0077,KPC3_design_0077_G17A,complex,17
KPC3_design_0077,KPC3_design_0077_S18A,complex,18
KPC3_design_0077,KPC3_design_0077_S20A,complex,20
KPC3_design_0077,KPC3_design_0077_E21A,complex,21
KPC3_design_0077,KPC3_design_0077_V22A,complex,22
KPC3_design_0077,KPC3_design_0077_L25A,complex,25
KPC3_design_0077,KPC3_design_0077_L28A,complex,28
KPC3_design_0077,KPC3_design_0077_L29A,complex,29
KPC3_design_0077,KPC3_design_0077_T30A,complex,30
KPC3_design_0077,KPC3_design_0077_E32A,complex,32
KPC3_design_0077,KPC3_design_0077_L33A,complex,33
KPC3_design_0077,KPC3_design_0077_Q36A,complex,36
KPC3_design_0077,KPC3_design_0077_L37A,complex,37
KPC3_design_0077,KPC3_design_0077_L40A,complex,40
KPC3_design_1872,KPC3_design_1872_ifaceAla,complex,"6,9,10,13,14,16,18,19,20,21,22,23,24,25,29,30,32"
KPC3_design_1872,KPC3_design_1872_L6A,complex,6
KPC3_design_1872,KPC3_design_1872_L9A,complex,9
KPC3_design_1872,KPC3_design_1872_E10A,complex,10
KPC3_design_1872,KPC3_design_1872_F13A,complex,13
KPC3_design_1872,KPC3_design_1872_L14A,complex,14
KPC3_design_1872,KPC3_design_1872_G16A,complex,16
KPC3_design_1872,KPC3_design_1872_L18A,complex,18
KPC3_design_1872,KPC3_design_1872_E19A,complex,19
KPC3_design_1872,KPC3_design_1872_I20A,complex,20
KPC3_design_1872,KPC3_design_1872_D21A,complex,21
KPC3_design_1872,KPC3_design_1872_P22A,complex,22
KPC3_design_1872,KPC3_design_1872_T23A,complex,23
KPC3_design_1872,KPC3_design_1872_G24A,complex,24
KPC3_design_1872,KPC3_design_1872_Y25A,complex,25
KPC3_design_1872,KPC3_design_1872_Q29A,complex,29
KPC3_design_1872,KPC3_design_1872_R30A,complex,30
KPC3_design_1872,KPC3_design_1872_E32A,complex,32
KPC3_design_0123,KPC3_design_0123_ifaceAla,complex,"13,14,15,16,17,18,19,20,21,22,29,32,33,36,37"
KPC3_design_0123,KPC3_design_0123_R14A,complex,14
KPC3_design_0123,KPC3_design_0123_G15A,complex,15
KPC3_design_0123,KPC3_design_0123_D17A,complex,17
KPC3_design_0123,KPC3_design_0123_S18A,complex,18
KPC3_design_0123,KPC3_design_0123_G19A,complex,19
KPC3_design_0123,KPC3_design_0123_D20A,complex,20
KPC3_design_0123,KPC3_design_0123_V21A,complex,21
KPC3_design_0123,KPC3_design_0123_L22A,complex,22
KPC3_design_0123,KPC3_design_0123_L29A,complex,29
KPC3_design_0123,KPC3_design_0123_Y32A,complex,32
KPC3_design_0123,KPC3_design_0123_Q33A,complex,33
KPC3_design_0123,KPC3_design_0123_L36A,complex,36
KPC3_design_0123,KPC3_design_0123_K37A,complex,37
KPC3_design_1311,KPC3_design_1311_ifaceAla,complex,"11,12,13,14,15,16,18,20,21,24,26,28,29,32,33,35"
KPC3_design_1311,KPC3_design_1311_Q11A,complex,11
KPC3_design_1311,KPC3_design_1311_E12A,complex,12
KPC3_design_1311,KPC3_design_1311_G14A,complex,14
KPC3_design_1311,KPC3_design_1311_L15A,complex,15
KPC3_design_1311,KPC3_design_1311_P16A,complex,16
KPC3_design_1311,KPC3_design_1311_T18A,complex,18
KPC3_design_1311,KPC3_design_1311_E20A,complex,20
KPC3_design_1311,KPC3_design_1311_N21A,complex,21
KPC3_design_1311,KPC3_design_1311_D24A,complex,24
KPC3_design_1311,KPC3_design_1311_T26A,complex,26
KPC3_design_1311,KPC3_design_1311_E28A,complex,28
KPC3_design_1311,KPC3_design_1311_Q29A,complex,29
KPC3_design_1311,KPC3_design_1311_Y32A,complex,32
KPC3_design_1311,KPC3_design_1311_L33A,complex,33
KPC3_design_1311,KPC3_design_1311_K35A,complex,35
KPC3_design_2613,KPC3_design_2613_ifaceAla,complex,"3,6,7,8,9,10,11,12,13,15,16,17,19,20,21,23,24,25,28"
KPC3_design_2613,KPC3_design_2613_L3A,complex,3
KPC3_design_2613,KPC3_design_2613_I6A,complex,6
KPC3_design_2613,KPC3_design_2613_E8A,complex,8
KPC3_design_2613,KPC3_design_2613_L9A,complex,9
KPC3_design_2613,KPC3_design_2613_G10A,complex,10
KPC3_design_2613,KPC3_design_2613_G11A,complex,11
KPC3_design_2613,KPC3_design_2613_I12A,complex,12
KPC3_design_2613,KPC3_design_2613_E15A,complex,15
KPC3_design_2613,KPC3_design_2613_D16A,complex,16
KPC3_design_2613,KPC3_design_2613_E19A,complex,19
KPC3_design_2613,KPC3_design_2613_V20A,complex,20
KPC3_design_2613,KPC3_design_2613_L21A,complex,21
KPC3_design_2613,KPC3_design_2613_E23A,complex,23
KPC3_design_2613,KPC3_design_2613_D25A,complex,25
KPC3_design_3235,KPC3_design_3235_ifaceAla,complex,"6,9,10,11,12,13,14,15,16,19,20,23,27,30"
KPC3_design_3235,KPC3_design_3235_L6A,complex,6
KPC3_design_3235,KPC3_design_3235_I9A,complex,9
KPC3_design_3235,KPC3_design_3235_G10A,complex,10
KPC3_design_3235,KPC3_design_3235_E11A,complex,11
KPC3_design_3235,KPC3_design_3235_G13A,complex,13
KPC3_design_3235,KPC3_design_3235_G14A,complex,14
KPC3_design_3235,KPC3_design_3235_V15A,complex,15
KPC3_design_3235,KPC3_design_3235_S16A,complex,16
KPC3_design_3235,KPC3_design_3235_I23A,complex,23
KPC3_design_3235,KPC3_design_3235_L27A,complex,27
KPC3_design_3235,KPC3_design_3235_E30A,complex,30
KPC3_design_3486,KPC3_design_3486_ifaceAla,complex,"6,7,10,11,14,15,16,17,18,19,20,21,22,23,29,32,33,36,37,39,40,41,43"
KPC3_design_3486,KPC3_design_3486_L6A,complex,6
KPC3_design_3486,KPC3_design_3486_D7A,complex,7
KPC3_design_3486,KPC3_design_3486_I10A,complex,10
KPC3_design_3486,KPC3_design_3486_G14A,complex,14
KPC3_design_3486,KPC3_design_3486_P16A,complex,16
KPC3_design_3486,KPC3_design_3486_S17A,complex,17
KPC3_design_3486,KPC3_design_3486_G18A,complex,18
KPC3_design_3486,KPC3_design_3486_G19A,complex,19
KPC3_design_3486,KPC3_design_3486_N20A,complex,20
KPC3_design_3486,KPC3_design_3486_Y21A,complex,21
KPC3_design_3486,KPC3_design_3486_L22A,complex,22
KPC3_design_3486,KPC3_design_3486_S23A,complex,23
KPC3_design_3486,KPC3_design_3486_L32A,complex,32
KPC3_design_3486,KPC3_design_3486_R33A,complex,33
KPC3_design_3486,KPC3_design_3486_I36A,complex,36
KPC3_design_3486,KPC3_design_3486_V37A,complex,37
KPC3_design_3486,KPC3_design_3486_V39A,complex,39
KPC3_design_3486,KPC3_design_3486_W40A,complex,40
KPC3_design_3486,KPC3_design_3486_E41A,complex,41
KPC3_design_3486,KPC3_design_3486_R43A,complex,43
KPC3_design_0727,KPC3_design_0727_ifaceAla,complex,"7,8,9,10,11,12,13,14,15,17,18,22,24,25,27,28,29,31,32"
KPC3_design_0727,KPC3_design_0727_L7A,complex,7
KPC3_design_0727,KPC3_design_0727_R9A,complex,9
KPC3_design_0727,KPC3_design_0727_S10A,complex,10
KPC3_design_0727,KPC3_design_0727_G11A,complex,11
KPC3_design_0727,KPC3_design_0727_T15A,complex,15
KPC3_design_0727,KPC3_design_0727_E17A,complex,17
KPC3_design_0727,KPC3_design_0727_E18A,complex,18
KPC3_design_0727,KPC3_design_0727_N22A,complex,22
KPC3_design_0727,KPC3_design_0727_L24A,complex,24
KPC3_design_0727,KPC3_design_0727_L25A,complex,25
KPC3_design_0727,KPC3_design_0727_E27A,complex,27
KPC3_design_0727,KPC3_design_0727_L29A,complex,29
KPC3_design_0727,KPC3_design_0727_K31A,complex,31
KPC3_design_0727,KPC3_design_0727_E32A,complex,32
KPC3_design_4212,KPC3_design_4212_ifaceAla,complex,"4,7,8,9,10,11,12,13,14,21,25,28,29"
KPC3_design_4212,KPC3_design_4212_E4A,complex,4
KPC3_design_4212,KPC3_design_4212_E7A,complex,7
KPC3_design_4212,KPC3_design_4212_Q9A,complex,9
KPC3_design_4212,KPC3_design_4212_R10A,complex,10
KPC3_design_4212,KPC3_design_4212_G12A,complex,12
KPC3_design_4212,KPC3_design_4212_F13A,complex,13
KPC3_design_4212,KPC3_design_4212_G14A,complex,14
KPC3_design_4212,KPC3_design_4212_R21A,complex,21
KPC3_design_4212,KPC3_design_4212_L25A,complex,25
KPC3_design_4212,KPC3_design_4212_M28A,complex,28
KPC3_design_4212,KPC3_design_4212_R29A,complex,29
KPC3_design_3651,KPC3_design_3651_ifaceAla,complex,"10,11,13,14,15,16,17,18,20,21,25,27,28,31,32,34,35"
KPC3_design_3651,KPC3_design_3651_H13A,complex,13
KPC3_design_3651,KPC3_design_3651_G14A,complex,14
KPC3_design_3651,KPC3_design_3651_S15A,complex,15
KPC3_design_3651,KPC3_design_3651_G16A,complex,16
KPC3_design_3651,KPC3_design_3651_T18A,complex,18
KPC3_design_3651,KPC3_design_3651_E20A,complex,20
KPC3_design_3651,KPC3_design_3651_E21A,complex,21
KPC3_design_3651,KPC3_design_3651_N25A,complex,25
KPC3_design_3651,KPC3_design_3651_V27A,complex,27
KPC3_design_3651,KPC3_design_3651_L28A,complex,28
KPC3_design_3651,KPC3_design_3651_G31A,complex,31
KPC3_design_3651,KPC3_design_3651_R34A,complex,34
KPC3_design_3651,KPC3_design_3651_E35A,complex,35
KPC3_design_3550,KPC3_design_3550_ifaceAla,complex,"2,3,6,7,10,11,14,15,16,17,18,19,20,21,22,23,24,25,28,29"
KPC3_design_3550,KPC3_design_3550_V2A,complex,2
KPC3_design_3550,KPC3_design_3550_E3A,complex,3
KPC3_design_3550,KPC3_design_3550_I6A,complex,6
KPC3_design_3550,KPC3_design_3550_K7A,complex,7
KPC3_design_3550,KPC3_design_3550_F10A,complex,10
KPC3_design_3550,KPC3_design_3550_K11A,complex,11
KPC3_design_3550,KPC3_design_3550_G14A,complex,14
KPC3_design_3550,KPC3_design_3550_G15A,complex,15
KPC3_design_3550,KPC3_design_3550_G16A,complex,16
KPC3_design_3550,KPC3_design_3550_G18A,complex,18
KPC3_design_3550,KPC3_design_3550_S19A,complex,19
KPC3_design_3550,KPC3_design_3550_P20A,complex,20
KPC3_design_3550,KPC3_design_3550_L21A,complex,21
KPC3_design_3550,KPC3_design_3550_D22A,complex,22
KPC3_design_3550,KPC3_design_3550_P23A,complex,23
KPC3_design_3550,KPC3_design_3550_N24A,complex,24
KPC3_design_3550,KPC3_design_3550_V25A,complex,25
KPC3_design_3550,KPC3_design_3550_I28A,complex,28
KPC3_design_3550,KPC3_design_3550_M29A,complex,29
KPC3_design_3653,KPC3_design_3653_ifaceAla,complex,"2,3,6,7,10,11,14,16,17,18,19,20,21,22,23,24,25,28,29,32,35,36"
KPC3_design_3653,KPC3_design_3653_V2A,complex,2
KPC3_design_3653,KPC3_design_3653_R3A,complex,3
KPC3_design_3653,KPC3_design_3653_V6A,complex,6
KPC3_design_3653,KPC3_design_3653_K7A,complex,7
KPC3_design_3653,KPC3_design_3653_I10A,complex,10
KPC3_design_3653,KPC3_design_3653_D11A,complex,11
KPC3_design_3653,KPC3_design_3653_G14A,complex,14
KPC3_design_3653,KPC3_design_3653_S16A,complex,16
KPC3_design_3653,KPC3_design_3653_G17A,complex,17
KPC3_design_3653,KPC3_design_3653_G18A,complex,18
KPC3_design_3653,KPC3_design_3653_N19A,complex,19
KPC3_design_3653,KPC3_design_3653_P20A,complex,20
KPC3_design_3653,KPC3_design_3653_K21A,complex,21
KPC3_design_3653,KPC3_design_3653_D22A,complex,22
KPC3_design_3653,KPC3_design_3653_P23A,complex,23
KPC3_design_3653,KPC3_design_3653_K24A,complex,24
KPC3_design_3653,KPC3_design_3653_V25A,complex,25
KPC3_design_3653,KPC3_design_3653_L29A,complex,29
KPC3_design_3653,KPC3_design_3653_T32A,complex,32
KPC3_design_3653,KPC3_design_3653_C35A,complex,35
KPC3_design_3653,KPC3_design_3653_T36A,complex,36
KPC3_design_0908,KPC3_design_0908_ifaceAla,complex,"1,2,3,5,6,7,9,10,11,13,14,17,18"
KPC3_design_0908,KPC3_design_0908_S1A,complex,1
KPC3_design_0908,KPC3_design_0908_L2A,complex,2
KPC3_design_0908,KPC3_design_0908_L3A,complex,3
KPC3_design_0908,KPC3_design_0908_E5A,complex,5
KPC3_design_0908,KPC3_design_0908_K6A,complex,6
KPC3_design_0908,KPC3_design_0908_V9A,complex,9
KPC3_design_0908,KPC3_design_0908_L10A,complex,10
KPC3_design_0908,KPC3_design_0908_R11A,complex,11
KPC3_design_0908,KPC3_design_0908_Y13A,complex,13
KPC3_design_0908,KPC3_design_0908_F14A,complex,14
KPC3_design_0908,KPC3_design_0908_K17A,complex,17
KPC3_design_0908,KPC3_design_0908_E18A,complex,18
KPC3_design_1877,KPC3_design_1877_ifaceAla,complex,"9,10,11,12,13,14,15,16,17,21,22,23,25,26,29,30,32,33"
KPC3_design_1877,KPC3_design_1877_Q10A,complex,10
KPC3_design_1877,KPC3_design_1877_K11A,complex,11
KPC3_design_1877,KPC3_design_1877_Y12A,complex,12
KPC3_design_1877,KPC3_design_1877_G13A,complex,13
KPC3_design_1877,KPC3_design_1877_G15A,complex,15
KPC3_design_1877,KPC3_design_1877_F16A,complex,16
KPC3_design_1877,KPC3_design_1877_S17A,complex,17
KPC3_design_1877,KPC3_design_1877_E21A,complex,21
KPC3_design_1877,KPC3_design_1877_L22A,complex,22
KPC3_design_1877,KPC3_design_1877_T23A,complex,23
KPC3_design_1877,KPC3_design_1877_L25A,complex,25
KPC3_design_1877,KPC3_design_1877_Q26A,complex,26
KPC3_design_1877,KPC3_design_1877_E29A,complex,29
KPC3_design_1877,KPC3_design_1877_R32A,complex,32
KPC3_design_1877,KPC3_design_1877_I33A,complex,33
KPC3_design_1635,KPC3_design_1635_ifaceAla,complex,"8,9,11,12,13,14,15,16,18,19,23,25,26,29,32"
KPC3_design_1635,KPC3_design_1635_S8A,complex,8
KPC3_design_1635,KPC3_design_1635_R9A,complex,9
KPC3_design_1635,KPC3_design_1635_Y11A,complex,11
KPC3_design_1635,KPC3_design_1635_G12A,complex,12
KPC3_design_1635,KPC3_design_1635_G14A,complex,14
KPC3_design_1635,KPC3_design_1635_F15A,complex,15
KPC3_design_1635,KPC3_design_1635_T16A,complex,16
KPC3_design_1635,KPC3_design_1635_E18A,complex,18
KPC3_design_1635,KPC3_design_1635_E19A,complex,19
KPC3_design_1635,KPC3_design_1635_N23A,complex,23
KPC3_design_1635,KPC3_design_1635_E25A,complex,25
KPC3_design_1635,KPC3_design_1635_V26A,complex,26
KPC3_design_1635,KPC3_design_1635_L29A,complex,29
KPC3_design_1635,KPC3_design_1635_R32A,complex,32
KPC3_design_1926,KPC3_design_1926_ifaceAla,complex,"14,15,16,18,19,22,23,25,39,40,41,42,43"
KPC3_design_1926,KPC3_design_1926_D14A,complex,14
KPC3_design_1926,KPC3_design_1926_L15A,complex,15
KPC3_design_1926,KPC3_design_1926_T16A,complex,16
KPC3_design_1926,KPC3_design_1926_E18A,complex,18
KPC3_design_1926,KPC3_design_1926_E19A,complex,19
KPC3_design_1926,KPC3_design_1926_Y22A,complex,22
KPC3_design_1926,KPC3_design_1926_L23A,complex,23
KPC3_design_1926,KPC3_design_1926_R25A,complex,25
KPC3_design_1926,KPC3_design_1926_L39A,complex,39
KPC3_design_1926,KPC3_design_1926_S41A,complex,41
KPC3_design_1926,KPC3_design_1926_L42A,complex,42
KPC3_design_1926,KPC3_design_1926_K43A,complex,43
KPC3_design_3582,KPC3_design_3582_ifaceAla,complex,"6,9,10,12,13,14,15,16,17,18,19,20,23,24,26,27,28,30,31,32,34"
KPC3_design_3582,KPC3_design_3582_L9A,complex,9
KPC3_design_3582,KPC3_design_3582_L10A,complex,10
KPC3_design_3582,KPC3_design_3582_G14A,complex,14
KPC3_design_3582,KPC3_design_3582_G15A,complex,15
KPC3_design_3582,KPC3_design_3582_S16A,complex,16
KPC3_design_3582,KPC3_design_3582_G17A,complex,17
KPC3_design_3582,KPC3_design_3582_V18A,complex,18
KPC3_design_3582,KPC3_design_3582_G19A,complex,19
KPC3_design_3582,KPC3_design_3582_T20A,complex,20
KPC3_design_3582,KPC3_design_3582_E23A,complex,23
KPC3_design_3582,KPC3_design_3582_E26A,complex,26
KPC3_design_3582,KPC3_design_3582_V27A,complex,27
KPC3_design_3582,KPC3_design_3582_L28A,complex,28
KPC3_design_3582,KPC3_design_3582_E30A,complex,30
KPC3_design_3582,KPC3_design_3582_E32A,complex,32
KPC3_design_3582,KPC3_design_3582_F34A,complex,34
KPC3_design_3239,KPC3_design_3239_ifaceAla,complex,"9,10,12,13,14,15,16,18,19,20,22,23,24,26,27,31"
KPC3_design_3239,KPC3_design_3239_L9A,complex,9
KPC3_design_3239,KPC3_design_3239_G10A,complex,10
KPC3_design_3239,KPC3_design_3239_I12A,complex,12
KPC3_design_3239,KPC3_design_3239_G13A,complex,13
KPC3_design_3239,KPC3_design_3239_G14A,complex,14
KPC3_design_3239,KPC3_design_3239_V15A,complex,15
KPC3_design_3239,KPC3_design_3239_S16A,complex,16
KPC3_design_3239,KPC3_design_3239_E18A,complex,18
KPC3_design_3239,KPC3_design_3239_G19A,complex,19
KPC3_design_3239,KPC3_design_3239_N22A,complex,22
KPC3_design_3239,KPC3_design_3239_V23A,complex,23
KPC3_design_3239,KPC3_design_3239_L24A,complex,24
KPC3_design_3239,KPC3_design_3239_D26A,complex,26
KPC3_design_3239,KPC3_design_3239_L27A,complex,27
KPC3_design_3239,KPC3_design_3239_E31A,complex,31
KPC3_design_4172,KPC3_design_4172_ifaceAla,complex,"8,9,11,12,13,14,15,16,18,19,22,23,28,30,33,34,37,40"
KPC3_design_4172,KPC3_design_4172_L8A,complex,8
KPC3_design_4172,KPC3_design_4172_M9A,complex,9
KPC3_design_4172,KPC3_design_4172_G12A,complex,12
KPC3_design_4172,KPC3_design_4172_S13A,complex,13
KPC3_design_4172,KPC3_design_4172_G14A,complex,14
KPC3_design_4172,KPC3_design_4172_L15A,complex,15
KPC3_design_4172,KPC3_design_4172_S16A,complex,16
KPC3_design_4172,KPC3_design_4172_D19A,complex,19
KPC3_design_4172,KPC3_design_4172_E22A,complex,22
KPC3_design_4172,KPC3_design_4172_L23A,complex,23
KPC3_design_4172,KPC3_design_4172_H28A,complex,28
KPC3_design_4172,KPC3_design_4172_Y30A,complex,30
KPC3_design_4172,KPC3_design_4172_F34A,complex,34
KPC3_design_4172,KPC3_design_4172_S37A,complex,37
KPC3_design_4172,KPC3_design_4172_R40A,complex,40
KPC3_design_3726,KPC3_design_3726_ifaceAla,complex,"9,10,12,13,14,15,16,17,19,20,23,24,29,30,31,32,34,35,38"
KPC3_design_3726,KPC3_design_3726_Q10A,complex,10
KPC3_design_3726,KPC3_design_3726_G13A,complex,13
KPC3_design_3726,KPC3_design_3726_G15A,complex,15
KPC3_design_3726,KPC3_design_3726_L16A,complex,16
KPC3_design_3726,KPC3_design_3726_T17A,complex,17
KPC3_design_3726,KPC3_design_3726_E20A,complex,20
KPC3_design_3726,KPC3_design_3726_E23A,complex,23
KPC3_design_3726,KPC3_design_3726_N24A,complex,24
KPC3_design_3726,KPC3_design_3726_D29A,complex,29
KPC3_design_3726,KPC3_design_3726_E30A,complex,30
KPC3_design_3726,KPC3_design_3726_V31A,complex,31
KPC3_design_3726,KPC3_design_3726_Y34A,complex,34
KPC3_design_3726,KPC3_design_3726_I35A,complex,35
KPC3_design_3726,KPC3_design_3726_K38A,complex,38
KPC3_design_3043,KPC3_design_3043_ifaceAla,complex,"10,13,14,15,16,17,19,20,21,23,24,25,27,28,31"
KPC3_design_3043,KPC3_design_3043_L10A,complex,10
KPC3_design_3043,KPC3_design_3043_L13A,complex,13
KPC3_design_3043,KPC3_design_3043_G14A,complex,14
KPC3_design_3043,KPC3_design_3043_G15A,complex,15
KPC3_design_3043,KPC3_design_3043_I16A,complex,16
KPC3_design_3043,KPC3_design_3043_S17A,complex,17
KPC3_design_3043,KPC3_design_3043_E19A,complex,19
KPC3_design_3043,KPC3_design_3043_G20A,complex,20
KPC3_design_3043,KPC3_design_3043_N23A,complex,23
KPC3_design_3043,KPC3_design_3043_V24A,complex,24
KPC3_design_3043,KPC3_design_3043_L25A,complex,25
KPC3_design_3043,KPC3_design_3043_E27A,complex,27
KPC3_design_3043,KPC3_design_3043_L28A,complex,28
KPC3_design_3043,KPC3_design_3043_E31A,complex,31
KPC3_design_1769,KPC3_design_1769_ifaceAla,complex,"7,9,10,11,12,13,14,15,16,17,20,24,26,27,30,31,33,34,37"
KPC3_design_1769,KPC3_design_1769_E7A,complex,7
KPC3_design_1769,KPC3_design_1769_Q10A,complex,10
KPC3_design_1769,KPC3_design_1769_K11A,complex,11
KPC3_design_1769,KPC3_design_1769_L12A,complex,12
KPC3_design_1769,KPC3_design_1769_G13A,complex,13
KPC3_design_1769,KPC3_design_1769_G15A,complex,15
KPC3_design_1769,KPC3_design_1769_F16A,complex,16
KPC3_design_1769,KPC3_design_1769_T17A,complex,17
KPC3_design_1769,KPC3_design_1769_E20A,complex,20
KPC3_design_1769,KPC3_design_1769_D24A,complex,24
KPC3_design_1769,KPC3_design_1769_L26A,complex,26
KPC3_design_1769,KPC3_design_1769_L27A,complex,27
KPC3_design_1769,KPC3_design_1769_R33A,complex,33
KPC3_design_1769,KPC3_design_1769_E34A,complex,34
KPC3_design_1769,KPC3_design_1769_R37A,complex,37
KPC3_design_1878,KPC3_design_1878_ifaceAla,complex,"7,9,10,11,12,13,14,15,16,17,19,20,21,24,26,27,30,31,33,34,38"
KPC3_design_1878,KPC3_design_1878_E7A,complex,7
KPC3_design_1878,KPC3_design_1878_S9A,complex,9
KPC3_design_1878,KPC3_design_1878_K11A,complex,11
KPC3_design_1878,KPC3_design_1878_Y12A,complex,12
KPC3_design_1878,KPC3_design_1878_G13A,complex,13
KPC3_design_1878,KPC3_design_1878_G14A,complex,14
KPC3_design_1878,KPC3_design_1878_G16A,complex,16
KPC3_design_1878,KPC3_design_1878_T17A,complex,17
KPC3_design_1878,KPC3_design_1878_E19A,complex,19
KPC3_design_1878,KPC3_design_1878_L21A,complex,21
KPC3_design_1878,KPC3_design_1878_N24A,complex,24
KPC3_design_1878,KPC3_design_1878_L26A,complex,26
KPC3_design_1878,KPC3_design_1878_L27A,complex,27
KPC3_design_1878,KPC3_design_1878_R33A,complex,33
KPC3_design_1878,KPC3_design_1878_E34A,complex,34
KPC3_design_1878,KPC3_design_1878_R38A,complex,38
KPC3_design_2634,KPC3_design_2634_ifaceAla,complex,"8,10,11,12,13,14,15,17,18,19,21,22,23,24,25,26,29,30"
KPC3_design_2634,KPC3_design_2634_L8A,complex,8
KPC3_design_2634,KPC3_design_2634_G13A,complex,13
KPC3_design_2634,KPC3_design_2634_L14A,complex,14
KPC3_design_2634,KPC3_design_2634_S15A,complex,15
KPC3_design_2634,KPC3_design_2634_E17A,complex,17
KPC3_design_2634,KPC3_design_2634_G18A,complex,18
KPC3_design_2634,KPC3_design_2634_L19A,complex,19
KPC3_design_2634,KPC3_design_2634_D21A,complex,21
KPC3_design_2634,KPC3_design_2634_L23A,complex,23
KPC3_design_2634,KPC3_design_2634_R24A,complex,24
KPC3_design_2634,KPC3_design_2634_L26A,complex,26
KPC3_design_2634,KPC3_design_2634_E29A,complex,29
KPC3_design_2634,KPC3_design_2634_D30A,complex,30
KPC3_design_1622,KPC3_design_1622_ifaceAla,complex,"9,10,11,12,13,14,15,16,17,18,21,22,24,25,28,29,31,32,35"
KPC3_design_1622,KPC3_design_1622_E10A,complex,10
KPC3_design_1622,KPC3_design_1622_K11A,complex,11
KPC3_design_1622,KPC3_design_1622_Y12A,complex,12
KPC3_design_1622,KPC3_design_1622_G13A,complex,13
KPC3_design_1622,KPC3_design_1622_V14A,complex,14
KPC3_design_1622,KPC3_design_1622_S15A,complex,15
KPC3_design_1622,KPC3_design_1622_G16A,complex,16
KPC3_design_1622,KPC3_design_1622_E17A,complex,17
KPC3_design_1622,KPC3_design_1622_T21A,complex,21
KPC3_design_1622,KPC3_design_1622_D22A,complex,22
KPC3_design_1622,KPC3_design_1622_L24A,complex,24
KPC3_design_1622,KPC3_design_1622_L25A,complex,25
KPC3_design_1622,KPC3_design_1622_R31A,complex,31
KPC3_design_1622,KPC3_design_1622_E32A,complex,32
KPC3_design_1622,KPC3_design_1622_K35A,complex,35
KPC3_design_2310,KPC3_design_2310_ifaceAla,complex,"8,9,10,11,12,13,14,15,23,25,26,28,29,32,33"
KPC3_design_2310,KPC3_design_2310_L8A,complex,8
KPC3_design_2310,KPC3_design_2310_E9A,complex,9
KPC3_design_2310,KPC3_design_2310_Q11A,complex,11
KPC3_design_2310,KPC3_design_2310_R12A,complex,12
KPC3_design_2310,KPC3_design_2310_G14A,complex,14
KPC3_design_2310,KPC3_design_2310_L15A,complex,15
KPC3_design_2310,KPC3_design_2310_D23A,complex,23
KPC3_design_2310,KPC3_design_2310_L25A,complex,25
KPC3_design_2310,KPC3_design_2310_L26A,complex,26
KPC3_design_2310,KPC3_design_2310_E28A,complex,28
KPC3_design_2310,KPC3_design_2310_Y29A,complex,29
KPC3_design_2310,KPC3_design_2310_R32A,complex,32
KPC3_design_2310,KPC3_design_2310_R33A,complex,33
