peptide_num,target,confidence_score,ptm,iptm,complex_plddt,complex_iplddt,complex_pde,complex_ipde,chains_ptm_0,chains_ptm_1,pair_chains_iptm_0_0,pair_chains_iptm_0_1,pair_chains_iptm_1_0,pair_chains_iptm_1_1
28,NDM5,0.9104,0.9194,0.9499,0.9006,0.8866,0.3771,1.2194,0.962,0.9189,0.962,0.9499,0.758,0.9189
117,NDM5,0.9235,0.9088,0.9464,0.9177,0.8975,0.4311,1.1699,0.9513,0.9078,0.9513,0.9464,0.7381,0.9078
173,NDM5,0.8904,0.9351,0.9439,0.877,0.824,0.3513,0.9059,0.943,0.9352,0.943,0.9439,0.8027,0.9352
196,NDM5,0.8931,0.9166,0.9396,0.8815,0.8138,0.3968,1.4187,0.9781,0.9158,0.9781,0.9396,0.7966,0.9158
179,NDM5,0.9081,0.9214,0.9394,0.9003,0.8698,0.3969,1.178,0.939,0.9212,0.939,0.9394,0.7676,0.9212
101,NDM5,0.8859,0.958,0.9345,0.8737,0.7909,0.3451,1.0558,0.9819,0.9636,0.9819,0.9345,0.9155,0.9636
152,NDM5,0.9099,0.9387,0.9308,0.9047,0.8606,0.3899,1.4334,0.9573,0.94,0.9573,0.9308,0.834,0.94
170,NDM5,0.8765,0.9593,0.9307,0.8629,0.7698,0.3732,1.2767,0.9368,0.961,0.9368,0.9307,0.8392,0.961
175,NDM5,0.882,0.9507,0.9298,0.87,0.7661,0.3975,1.6255,0.9804,0.9564,0.9804,0.9298,0.8592,0.9564
155,NDM5,0.9187,0.9062,0.9277,0.9165,0.8663,0.6445,3.4502,0.9759,0.9057,0.9759,0.9277,0.7952,0.9057
185,NDM5,0.8943,0.9138,0.9272,0.8861,0.8299,0.5491,2.8593,0.9694,0.9139,0.9694,0.9272,0.8119,0.9139
167,NDM5,0.9106,0.9524,0.9263,0.9067,0.8508,0.3889,1.5479,0.969,0.955,0.969,0.9263,0.8413,0.955
198,NDM5,0.8556,0.9455,0.926,0.838,0.7234,0.4405,1.7627,0.9483,0.9513,0.9483,0.926,0.8673,0.9513
134,NDM5,0.8904,0.9493,0.9231,0.8822,0.8129,0.4457,1.8707,0.9842,0.9557,0.9842,0.9231,0.8762,0.9557
75,NDM5,0.9035,0.9013,0.9218,0.899,0.8579,0.4681,1.5392,0.9414,0.9013,0.9414,0.9218,0.7735,0.9013
163,NDM5,0.8934,0.9128,0.9214,0.8864,0.8056,0.5139,2.3673,0.9591,0.9132,0.9591,0.9214,0.7991,0.9132
23,NDM5,0.9067,0.9151,0.9165,0.9043,0.8668,0.3964,1.1636,0.9215,0.9155,0.9215,0.9165,0.7747,0.9155
47,NDM5,0.9106,0.9275,0.9162,0.9091,0.863,0.4029,1.6834,0.9806,0.929,0.9806,0.9162,0.7936,0.929
162,NDM5,0.8591,0.9028,0.9098,0.8464,0.7586,0.5081,2.9528,0.9535,0.9037,0.9535,0.9098,0.7924,0.9037
144,NDM5,0.8899,0.945,0.909,0.8851,0.788,0.421,1.7591,0.9752,0.9521,0.9752,0.909,0.8418,0.9521
127,NDM5,0.842,0.9499,0.9072,0.8257,0.7573,0.4364,2.1733,0.9765,0.9594,0.9765,0.9072,0.8564,0.9594
136,NDM5,0.8657,0.9306,0.9068,0.8555,0.7655,0.5292,2.5525,0.9831,0.9389,0.9831,0.9068,0.8221,0.9389
131,NDM5,0.8566,0.9567,0.9062,0.8442,0.7195,0.3576,1.3364,0.9878,0.9675,0.9878,0.9062,0.8789,0.9675
12,KPC3,0.9094,0.9138,0.9011,0.9114,0.8804,0.4784,1.1689,0.9024,0.9157,0.9024,0.9011,0.7657,0.9157
197,NDM5,0.8894,0.9497,0.9011,0.8864,0.7969,0.3973,1.7455,0.9739,0.9615,0.9739,0.9011,0.866,0.9615
191,NDM5,0.8984,0.9264,0.8992,0.8982,0.8466,0.4999,2.2517,0.9541,0.9299,0.9541,0.8992,0.8103,0.9299
147,NDM5,0.8614,0.9454,0.8987,0.8521,0.7252,0.4042,1.8583,0.9697,0.9527,0.9697,0.8987,0.8491,0.9527
95,NDM5,0.8641,0.9321,0.8967,0.8559,0.7569,0.4512,1.6317,0.925,0.9353,0.925,0.8967,0.8034,0.9353
172,KPC3,0.8919,0.9199,0.8967,0.8907,0.8197,0.4783,2.1783,0.9226,0.9244,0.9226,0.8967,0.8051,0.9244
121,NDM5,0.8662,0.9206,0.8962,0.8587,0.7604,0.4352,1.7142,0.8752,0.9237,0.8752,0.8962,0.7365,0.9237
157,NDM5,0.8766,0.9208,0.8961,0.8717,0.8041,0.4563,2.1628,0.9621,0.9492,0.9621,0.8961,0.7076,0.9492
162,KPC3,0.9022,0.9263,0.894,0.9042,0.872,0.4576,2.6668,0.9127,0.9317,0.9127,0.894,0.8055,0.9317
103,NDM5,0.8812,0.93,0.8939,0.8781,0.7776,0.4778,2.4997,0.9712,0.9359,0.9712,0.8939,0.812,0.9359
154,NDM5,0.9067,0.9094,0.8931,0.9101,0.8906,0.4453,1.7499,0.9077,0.9109,0.9077,0.8931,0.7199,0.9109
34,NDM5,0.8963,0.9333,0.8915,0.8975,0.8472,0.3726,1.6583,0.9793,0.9362,0.9793,0.8915,0.7398,0.9362
116,NDM5,0.8774,0.918,0.8912,0.874,0.7934,0.4802,2.4704,0.9663,0.921,0.9663,0.8912,0.7626,0.921
20,KPC3,0.9276,0.9269,0.8899,0.937,0.9308,0.4513,1.7016,0.9232,0.9313,0.9232,0.8899,0.7926,0.9313
7,NDM5,0.8906,0.9056,0.8894,0.8909,0.8191,0.4436,1.7594,0.9125,0.907,0.9125,0.8894,0.6689,0.907
189,NDM5,0.8706,0.9183,0.887,0.8664,0.8102,0.4079,1.5274,0.8792,0.9201,0.8792,0.887,0.6962,0.9201
66,NDM5,0.9015,0.9153,0.8869,0.9052,0.8728,0.4404,1.6459,0.8893,0.9188,0.8893,0.8869,0.8289,0.9188
86,NDM5,0.8703,0.9142,0.8826,0.8672,0.8318,0.4863,1.8413,0.91,0.9204,0.91,0.8826,0.7829,0.9204
171,KPC3,0.889,0.9183,0.8824,0.8906,0.8185,0.5302,3.6177,0.8793,0.9234,0.8793,0.8824,0.7135,0.9234
111,NDM5,0.8355,0.9435,0.8812,0.8241,0.6952,0.4471,1.863,0.9207,0.9566,0.9207,0.8812,0.7682,0.9566
158,KPC3,0.9142,0.9416,0.8804,0.9226,0.8893,0.4001,2.1399,0.9654,0.9462,0.9654,0.8804,0.756,0.9462
143,NDM5,0.8777,0.8925,0.8792,0.8773,0.8665,0.7099,4.1523,0.9741,0.8982,0.9741,0.8792,0.7693,0.8982
169,NDM5,0.8761,0.9331,0.879,0.8753,0.7603,0.4932,2.5615,0.9561,0.94,0.9561,0.879,0.7833,0.94
86,KPC3,0.9172,0.9299,0.879,0.9268,0.9113,0.4376,1.7117,0.8976,0.9361,0.8976,0.879,0.7413,0.9361
58,KPC3,0.8918,0.945,0.8776,0.8954,0.8433,0.415,1.5918,0.8158,0.9518,0.8158,0.8776,0.7108,0.9518
50,NDM5,0.8769,0.9089,0.8769,0.8769,0.7908,0.4307,1.5664,0.8648,0.9124,0.8648,0.8769,0.7914,0.9124
51,NDM5,0.8352,0.9474,0.8758,0.825,0.772,0.4385,1.948,0.893,0.9529,0.893,0.8758,0.6606,0.9529
16,NDM5,0.8516,0.9058,0.8739,0.846,0.742,0.5093,2.3134,0.9279,0.9139,0.9279,0.8739,0.7588,0.9139
43,NDM5,0.851,0.8975,0.8727,0.8456,0.8149,0.4971,2.2898,0.877,0.9018,0.877,0.8727,0.7,0.9018
82,NDM5,0.836,0.9001,0.8719,0.827,0.756,0.5941,2.1674,0.8784,0.9057,0.8784,0.8719,0.7435,0.9057
180,NDM5,0.8841,0.944,0.8714,0.8873,0.7793,0.4172,1.77,0.8847,0.9545,0.8847,0.8714,0.7335,0.9545
38,KPC3,0.9132,0.9535,0.8711,0.9237,0.9174,0.3686,1.772,0.9393,0.9571,0.9393,0.8711,0.7847,0.9571
18,NDM5,0.8734,0.9431,0.8708,0.874,0.7738,0.4373,1.774,0.9269,0.9553,0.9269,0.8708,0.791,0.9553
35,KPC3,0.9016,0.9363,0.8697,0.9096,0.8443,0.4192,1.7538,0.8704,0.9409,0.8704,0.8697,0.7315,0.9409
128,KPC3,0.9077,0.9306,0.8696,0.9172,0.8184,0.3838,2.195,0.9711,0.9636,0.9711,0.8696,0.632,0.9636
90,NDM5,0.8361,0.8936,0.8685,0.828,0.7874,0.6397,2.5376,0.8405,0.8983,0.8405,0.8685,0.6747,0.8983
193,KPC3,0.8993,0.9324,0.8655,0.9077,0.8584,0.4096,1.7976,0.9201,0.9353,0.9201,0.8655,0.6645,0.9353
29,NDM5,0.8708,0.9135,0.8637,0.8726,0.8011,0.455,1.9212,0.9041,0.9172,0.9041,0.8637,0.7612,0.9172
140,NDM5,0.8563,0.9562,0.8634,0.8545,0.7542,0.3847,1.9968,0.9793,0.975,0.9793,0.8634,0.7958,0.975
156,KPC3,0.9275,0.9493,0.863,0.9436,0.889,0.3525,1.7957,0.9661,0.9674,0.9661,0.863,0.7683,0.9674
170,KPC3,0.9126,0.9253,0.8629,0.925,0.8704,0.4486,1.8604,0.8974,0.928,0.8974,0.8629,0.6412,0.928
122,KPC3,0.9098,0.9368,0.8628,0.9216,0.8768,0.4186,1.718,0.8731,0.9413,0.8731,0.8628,0.7569,0.9413
22,KPC3,0.9153,0.9311,0.8585,0.9295,0.8811,0.4259,1.8151,0.8988,0.9349,0.8988,0.8585,0.6968,0.9349
197,KPC3,0.8982,0.9491,0.8583,0.9082,0.7934,0.3639,2.0602,0.9539,0.9684,0.9539,0.8583,0.7891,0.9684
188,NDM5,0.8517,0.9329,0.8582,0.85,0.7186,0.5076,2.8072,0.9025,0.9449,0.9025,0.8582,0.8206,0.9449
120,NDM5,0.8409,0.9246,0.8576,0.8367,0.6889,0.5542,2.7057,0.8968,0.9359,0.8968,0.8576,0.8353,0.9359
178,KPC3,0.9211,0.9336,0.8574,0.937,0.8563,0.3384,1.6949,0.9774,0.9669,0.9774,0.8574,0.6591,0.9669
26,NDM5,0.8401,0.9445,0.8569,0.8359,0.7218,0.4104,1.6846,0.9239,0.9626,0.9239,0.8569,0.8078,0.9626
66,KPC3,0.9051,0.9293,0.8568,0.9172,0.8883,0.4507,2.0153,0.8272,0.9356,0.8272,0.8568,0.6611,0.9356
158,NDM5,0.8751,0.9151,0.8564,0.8798,0.7602,0.554,2.8511,0.9541,0.92,0.9541,0.8564,0.7301,0.92
69,NDM5,0.8699,0.91,0.8554,0.8736,0.7766,0.5263,2.4242,0.8781,0.915,0.8781,0.8554,0.7534,0.915
71,NDM5,0.8696,0.9079,0.854,0.8735,0.7715,0.4672,1.9735,0.8501,0.913,0.8501,0.854,0.7462,0.913
37,KPC3,0.9183,0.9498,0.8528,0.9346,0.9172,0.3916,1.9253,0.8793,0.9565,0.8793,0.8528,0.6515,0.9565
192,NDM5,0.8649,0.9313,0.8527,0.8679,0.763,0.4795,2.608,0.9488,0.9396,0.9488,0.8527,0.7709,0.9396
21,KPC3,0.9017,0.9376,0.8518,0.9141,0.8526,0.4124,2.1045,0.8655,0.9448,0.8655,0.8518,0.6653,0.9448
164,NDM5,0.8538,0.9329,0.85,0.8548,0.6841,0.4218,1.8371,0.9479,0.9501,0.9479,0.85,0.7272,0.9501
10,KPC3,0.8986,0.9113,0.8495,0.9108,0.8824,0.5578,2.5693,0.8763,0.9209,0.8763,0.8495,0.767,0.9209
193,NDM5,0.8886,0.9337,0.8486,0.8986,0.8286,0.4373,1.8889,0.9152,0.9379,0.9152,0.8486,0.6938,0.9379
8,KPC3,0.8843,0.9088,0.847,0.8936,0.8755,0.5538,2.1884,0.8272,0.9184,0.8272,0.847,0.8042,0.9184
122,NDM5,0.8773,0.9152,0.8462,0.885,0.7853,0.4551,1.956,0.8485,0.9198,0.8485,0.8462,0.7299,0.9198
138,NDM5,0.8744,0.9296,0.8433,0.8822,0.7894,0.4502,2.3236,0.9811,0.9514,0.9811,0.8433,0.7674,0.9514
48,KPC3,0.8708,0.915,0.8432,0.8777,0.8432,0.5438,2.0494,0.7803,0.9279,0.7803,0.8432,0.6962,0.9279
38,NDM5,0.8999,0.9205,0.8431,0.9142,0.8855,0.4579,2.3397,0.931,0.9242,0.931,0.8431,0.674,0.9242
40,NDM5,0.8845,0.898,0.842,0.8951,0.8524,0.5587,2.4864,0.8908,0.9011,0.8908,0.842,0.645,0.9011
55,KPC3,0.8881,0.9154,0.8419,0.8997,0.8584,0.5069,2.6582,0.8944,0.9227,0.8944,0.8419,0.697,0.9227
2,KPC3,0.8931,0.9233,0.8405,0.9062,0.8747,0.5041,2.634,0.8579,0.9352,0.8579,0.8405,0.8084,0.9352
55,NDM5,0.8841,0.9394,0.8404,0.895,0.7846,0.4198,1.7617,0.9237,0.951,0.9237,0.8404,0.7135,0.951
177,NDM5,0.8363,0.9392,0.8392,0.8356,0.6917,0.3964,1.7811,0.9787,0.9613,0.9787,0.8392,0.7749,0.9613
22,NDM5,0.8803,0.9077,0.8381,0.8908,0.803,0.4663,1.9953,0.9112,0.9119,0.9112,0.8381,0.7188,0.9119
14,KPC3,0.8701,0.9056,0.8379,0.8782,0.8155,0.5932,3.0879,0.9,0.9155,0.9,0.8379,0.7462,0.9155
28,KPC3,0.904,0.9429,0.8376,0.9206,0.8846,0.3922,1.9557,0.9285,0.9473,0.9285,0.8376,0.6918,0.9473
79,NDM5,0.8571,0.8982,0.8371,0.8621,0.8033,0.5013,2.1447,0.8268,0.9053,0.8268,0.8371,0.8078,0.9053
81,NDM5,0.8916,0.8943,0.8338,0.906,0.8359,0.5477,2.7281,0.8338,0.8993,0.8338,0.8338,0.5884,0.8993
77,NDM5,0.8327,0.8896,0.8316,0.833,0.7815,0.5838,3.0111,0.8458,0.8964,0.8458,0.8316,0.6289,0.8964
165,NDM5,0.8322,0.9145,0.8309,0.8326,0.726,0.6061,3.6222,0.9641,0.9319,0.9641,0.8309,0.779,0.9319
137,NDM5,0.8736,0.9216,0.8308,0.8843,0.7817,0.5167,3.1092,0.9712,0.9399,0.9712,0.8308,0.7591,0.9399
199,NDM5,0.867,0.9233,0.8303,0.8762,0.7816,0.4905,2.3967,0.9418,0.9317,0.9418,0.8303,0.7534,0.9317
97,NDM5,0.8185,0.9006,0.8291,0.8158,0.7544,0.5922,2.842,0.7518,0.9137,0.7518,0.8291,0.6993,0.9137
16,KPC3,0.8866,0.9265,0.8257,0.9018,0.8585,0.4783,2.6684,0.8991,0.9392,0.8991,0.8257,0.7258,0.9392
180,KPC3,0.8807,0.9165,0.8221,0.8953,0.8333,0.5203,3.1869,0.8954,0.9262,0.8954,0.8221,0.7216,0.9262
114,KPC3,0.8778,0.9461,0.8214,0.8919,0.7324,0.3809,2.4174,0.9369,0.9634,0.9369,0.8214,0.7034,0.9634
2,NDM5,0.8464,0.9146,0.821,0.8527,0.7415,0.6016,3.4579,0.8664,0.9294,0.8664,0.821,0.8095,0.9294
9,KPC3,0.8762,0.9147,0.8206,0.8901,0.8177,0.5045,2.7058,0.8662,0.922,0.8662,0.8206,0.629,0.922
23,KPC3,0.9055,0.9232,0.8196,0.927,0.8877,0.4454,1.951,0.8789,0.929,0.8789,0.8196,0.6713,0.929
60,NDM5,0.8668,0.8889,0.8184,0.8789,0.8514,0.5537,2.5477,0.8356,0.8976,0.8356,0.8184,0.6885,0.8976
120,KPC3,0.8548,0.9189,0.8179,0.864,0.7899,0.5137,3.1264,0.9062,0.9354,0.9062,0.8179,0.7338,0.9354
44,KPC3,0.8493,0.9206,0.8179,0.8571,0.7968,0.499,2.58,0.8564,0.9371,0.8564,0.8179,0.7891,0.9371
92,KPC3,0.8679,0.9178,0.8156,0.8809,0.8276,0.5232,2.4051,0.7606,0.9302,0.7606,0.8156,0.7045,0.9302
31,NDM5,0.8318,0.902,0.8154,0.836,0.7186,0.5306,2.506,0.8466,0.9116,0.8466,0.8154,0.7068,0.9116
67,NDM5,0.8339,0.8967,0.8154,0.8385,0.768,0.5467,2.9413,0.817,0.9086,0.817,0.8154,0.6778,0.9086
90,KPC3,0.8691,0.9115,0.8144,0.8827,0.8096,0.5592,2.8362,0.7657,0.924,0.7657,0.8144,0.5926,0.924
14,NDM5,0.8691,0.8992,0.8141,0.8829,0.8048,0.5717,3.0314,0.8982,0.9149,0.8982,0.8141,0.7432,0.9149
153,KPC3,0.8552,0.9172,0.8139,0.8655,0.7513,0.5668,4.5199,0.8229,0.9296,0.8229,0.8139,0.7146,0.9296
189,KPC3,0.9007,0.9187,0.8139,0.9224,0.873,0.469,2.1943,0.8671,0.9231,0.8671,0.8139,0.5882,0.9231
57,KPC3,0.9079,0.9309,0.8138,0.9314,0.9164,0.4436,2.6623,0.8873,0.9363,0.8873,0.8138,0.5959,0.9363
42,KPC3,0.8853,0.9444,0.8133,0.9033,0.8565,0.4043,2.2935,0.9276,0.9508,0.9276,0.8133,0.6169,0.9508
124,NDM5,0.8686,0.9279,0.8128,0.8825,0.7658,0.4377,2.6383,0.9536,0.9401,0.9536,0.8128,0.7108,0.9401
191,KPC3,0.9022,0.9179,0.8126,0.9246,0.8891,0.5065,3.3532,0.9437,0.9274,0.9437,0.8126,0.7139,0.9274
183,NDM5,0.8276,0.917,0.8116,0.8316,0.6868,0.4507,2.1005,0.9172,0.9493,0.9172,0.8116,0.6881,0.9493
57,NDM5,0.8347,0.9061,0.8101,0.8408,0.7346,0.5796,3.2637,0.9002,0.9117,0.9002,0.8101,0.6512,0.9117
116,KPC3,0.886,0.9543,0.8099,0.9051,0.8764,0.3722,3.0087,0.9354,0.9652,0.9354,0.8099,0.7426,0.9652
166,KPC3,0.9064,0.9269,0.8082,0.9309,0.838,0.371,2.6047,0.9753,0.9516,0.9753,0.8082,0.6105,0.9516
45,NDM5,0.8412,0.9199,0.8079,0.8495,0.7544,0.5089,2.3168,0.8749,0.9271,0.8749,0.8079,0.7475,0.9271
35,NDM5,0.8825,0.9035,0.8072,0.9014,0.8514,0.4998,2.8781,0.8821,0.9109,0.8821,0.8072,0.6206,0.9109
115,NDM5,0.8453,0.8968,0.8069,0.8549,0.7459,0.6923,4.059,0.8907,0.9147,0.8907,0.8069,0.6771,0.9147
9,NDM5,0.8478,0.8992,0.8068,0.8581,0.7251,0.5226,2.7988,0.8294,0.9086,0.8294,0.8068,0.5861,0.9086
11,NDM5,0.8081,0.9305,0.8065,0.8085,0.7233,0.5442,2.8857,0.904,0.9564,0.904,0.8065,0.7269,0.9564
49,KPC3,0.875,0.9031,0.8063,0.8922,0.8362,0.5592,2.6211,0.7817,0.9128,0.7817,0.8063,0.6716,0.9128
149,NDM5,0.8627,0.9107,0.8059,0.8768,0.7843,0.6163,3.5931,0.913,0.9328,0.913,0.8059,0.7069,0.9328
1,KPC3,0.8942,0.9115,0.8027,0.9171,0.9046,0.5438,3.42,0.8924,0.9272,0.8924,0.8027,0.6955,0.9272
78,NDM5,0.8584,0.903,0.8016,0.8726,0.8275,0.4831,2.8654,0.8999,0.9101,0.8999,0.8016,0.6008,0.9101
138,KPC3,0.9112,0.9367,0.801,0.9387,0.8613,0.4038,2.9116,0.9677,0.9609,0.9677,0.801,0.6851,0.9609
41,KPC3,0.8833,0.9208,0.8001,0.9041,0.8483,0.4699,2.1788,0.8122,0.9291,0.8122,0.8001,0.6878,0.9291
184,KPC3,0.8796,0.9226,0.8,0.8995,0.8357,0.4875,3.1725,0.857,0.9316,0.857,0.8,0.6212,0.9316
17,NDM5,0.8411,0.9198,0.7987,0.8517,0.7416,0.5405,2.9869,0.9265,0.9456,0.9265,0.7987,0.7466,0.9456
50,KPC3,0.9033,0.9263,0.7979,0.9296,0.9213,0.4512,2.6791,0.8486,0.935,0.8486,0.7979,0.6556,0.935
42,NDM5,0.8507,0.9195,0.7923,0.8653,0.7438,0.5358,2.8556,0.8982,0.9266,0.8982,0.7923,0.6689,0.9266
51,KPC3,0.8966,0.9184,0.7921,0.9227,0.8885,0.4704,2.3291,0.8631,0.926,0.8631,0.7921,0.7055,0.926
52,NDM5,0.8765,0.8949,0.7911,0.8978,0.8706,0.5371,2.7721,0.8173,0.902,0.8173,0.7911,0.6534,0.902
73,KPC3,0.885,0.9137,0.7907,0.9085,0.8722,0.5136,3.3227,0.8951,0.933,0.8951,0.7907,0.7428,0.933
68,NDM5,0.8165,0.9194,0.7893,0.8233,0.6959,0.5332,3.1364,0.9238,0.9358,0.9238,0.7893,0.6823,0.9358
4,KPC3,0.8764,0.8986,0.7892,0.8981,0.8593,0.6656,4.8124,0.8782,0.9145,0.8782,0.7892,0.7484,0.9145
37,NDM5,0.8354,0.915,0.7871,0.8474,0.7018,0.544,3.1581,0.8346,0.9241,0.8346,0.7871,0.7351,0.9241
150,KPC3,0.8801,0.9012,0.7848,0.9039,0.8365,0.5556,3.2667,0.9115,0.916,0.9115,0.7848,0.6508,0.916
112,NDM5,0.8246,0.9069,0.7847,0.8345,0.6871,0.6059,3.5783,0.9084,0.9252,0.9084,0.7847,0.7263,0.9252
121,KPC3,0.8855,0.913,0.7846,0.9108,0.8396,0.539,3.6558,0.8417,0.9221,0.8417,0.7846,0.6236,0.9221
7,KPC3,0.8958,0.9318,0.7819,0.9243,0.8871,0.4343,3.027,0.8901,0.938,0.8901,0.7819,0.539,0.938
24,KPC3,0.8968,0.9229,0.7814,0.9256,0.9115,0.4956,3.2301,0.7809,0.9346,0.7809,0.7814,0.5417,0.9346
10,NDM5,0.8254,0.8982,0.7805,0.8366,0.7861,0.6247,3.1194,0.851,0.9201,0.851,0.7805,0.7111,0.9201
151,KPC3,0.8598,0.9166,0.7779,0.8803,0.7148,0.4225,3.3422,0.8898,0.9542,0.8898,0.7779,0.6204,0.9542
154,KPC3,0.8991,0.9239,0.7746,0.9303,0.8914,0.4651,2.9178,0.8716,0.9301,0.8716,0.7746,0.5758,0.9301
32,NDM5,0.8509,0.9103,0.774,0.8701,0.7396,0.4709,3.1414,0.9252,0.9171,0.9252,0.774,0.5461,0.9171
75,KPC3,0.8798,0.9127,0.7738,0.9063,0.8485,0.5311,3.4469,0.8982,0.924,0.8982,0.7738,0.5672,0.924
104,NDM5,0.8483,0.8976,0.7736,0.8669,0.7422,0.6088,4.2118,0.9745,0.915,0.9745,0.7736,0.672,0.915
130,NDM5,0.8289,0.8709,0.7722,0.843,0.6718,0.5923,4.131,0.9344,0.9252,0.9344,0.7722,0.5171,0.9252
71,KPC3,0.8926,0.9284,0.7715,0.9228,0.9172,0.477,2.7991,0.7942,0.9396,0.7942,0.7715,0.5945,0.9396
160,KPC3,0.8792,0.9222,0.771,0.9063,0.8763,0.54,5.3824,0.911,0.9376,0.911,0.771,0.7196,0.9376
65,NDM5,0.8248,0.919,0.7709,0.8383,0.6613,0.5058,2.5571,0.9381,0.9505,0.9381,0.7709,0.683,0.9505
6,KPC3,0.8742,0.9078,0.7704,0.9001,0.8624,0.594,3.624,0.7555,0.9244,0.7555,0.7704,0.6394,0.9244
46,NDM5,0.823,0.9031,0.7699,0.8362,0.7125,0.6039,3.0907,0.8218,0.92,0.8218,0.7699,0.7641,0.92
176,NDM5,0.8296,0.9219,0.7688,0.8448,0.6997,0.5091,2.8557,0.9156,0.9379,0.9156,0.7688,0.716,0.9379
87,KPC3,0.8365,0.8945,0.7682,0.8536,0.8088,0.6411,3.4842,0.6945,0.9153,0.6945,0.7682,0.6217,0.9153
178,NDM5,0.8286,0.9158,0.7681,0.8437,0.7332,0.5283,3.256,0.9727,0.9457,0.9727,0.7681,0.7293,0.9457
108,KPC3,0.8567,0.9092,0.7674,0.879,0.7251,0.4666,3.6339,0.9356,0.9542,0.9356,0.7674,0.6382,0.9542
109,NDM5,0.8309,0.9084,0.7667,0.847,0.7114,0.5696,3.4922,0.9566,0.922,0.9566,0.7667,0.6193,0.922
126,NDM5,0.8606,0.9109,0.7653,0.8844,0.7769,0.5328,3.5881,0.9525,0.9247,0.9525,0.7653,0.6768,0.9247
168,NDM5,0.8422,0.831,0.7644,0.8617,0.72,0.6405,4.9871,0.945,0.9072,0.945,0.7644,0.3708,0.9072
89,NDM5,0.8346,0.9088,0.7642,0.8522,0.7267,0.4638,2.0749,0.7506,0.9255,0.7506,0.7477,0.7642,0.9255
145,NDM5,0.8623,0.9153,0.763,0.8871,0.7766,0.4949,2.5297,0.9206,0.9432,0.9206,0.763,0.6451,0.9432
188,KPC3,0.8798,0.9372,0.7627,0.909,0.7715,0.4315,2.9033,0.8669,0.9595,0.8669,0.7539,0.7627,0.9595
1,NDM5,0.8184,0.8934,0.7616,0.8326,0.7567,0.5617,3.8773,0.9061,0.9145,0.9061,0.7616,0.6688,0.9145
194,NDM5,0.8077,0.907,0.7614,0.8193,0.7003,0.5339,3.1957,0.936,0.9395,0.936,0.7614,0.6771,0.9395
94,KPC3,0.8553,0.9025,0.761,0.8788,0.8258,0.6015,3.3462,0.7336,0.9192,0.7336,0.761,0.6471,0.9192
149,KPC3,0.8335,0.928,0.7609,0.8517,0.6856,0.524,3.6164,0.8439,0.958,0.8439,0.7609,0.736,0.958
36,KPC3,0.8756,0.9421,0.7607,0.9044,0.8518,0.4271,3.0743,0.9039,0.9511,0.9039,0.7607,0.5847,0.9511
139,KPC3,0.8772,0.9147,0.7607,0.9063,0.7766,0.42,3.0743,0.9792,0.9541,0.9792,0.7607,0.6187,0.9541
184,NDM5,0.834,0.9521,0.7603,0.8524,0.7488,0.421,2.3506,0.7987,0.9664,0.7987,0.7603,0.652,0.9664
59,NDM5,0.8194,0.907,0.76,0.8343,0.7445,0.649,4.1369,0.842,0.924,0.842,0.76,0.6683,0.924
150,NDM5,0.8031,0.9068,0.7595,0.814,0.6641,0.6259,3.8706,0.9287,0.9269,0.9287,0.7595,0.6499,0.9269
6,NDM5,0.8075,0.8921,0.7582,0.8199,0.7123,0.6601,3.4885,0.7333,0.9102,0.7333,0.7582,0.6766,0.9102
196,KPC3,0.8807,0.9073,0.7576,0.9115,0.8651,0.541,3.3891,0.7736,0.9171,0.7736,0.7576,0.5498,0.9171
31,KPC3,0.8661,0.9266,0.7568,0.8934,0.8273,0.4682,3.1389,0.8317,0.942,0.8317,0.7568,0.6198,0.942
143,KPC3,0.8818,0.9011,0.7562,0.9132,0.8905,0.4828,4.9761,0.9773,0.9264,0.9773,0.7562,0.6764,0.9264
151,NDM5,0.8468,0.8855,0.7547,0.8699,0.7212,0.5142,3.046,0.8944,0.9328,0.8944,0.7547,0.5622,0.9328
135,NDM5,0.839,0.9047,0.7537,0.8603,0.7535,0.5351,3.4304,0.9718,0.9281,0.9718,0.7537,0.691,0.9281
111,KPC3,0.8521,0.9005,0.7537,0.8767,0.8032,0.6099,4.2951,0.8579,0.9272,0.8579,0.7537,0.6388,0.9272
137,KPC3,0.8914,0.9166,0.7537,0.9258,0.8307,0.3809,2.7014,0.969,0.9497,0.969,0.7537,0.6275,0.9497
195,NDM5,0.8223,0.8946,0.7535,0.8395,0.72,0.6844,4.7661,0.8673,0.9148,0.8673,0.7535,0.6222,0.9148
33,KPC3,0.9016,0.9391,0.7528,0.9388,0.9113,0.455,3.3024,0.8308,0.9479,0.8308,0.7528,0.5013,0.9479
82,KPC3,0.8545,0.9153,0.7521,0.8802,0.8039,0.5313,3.2098,0.764,0.9332,0.764,0.7521,0.6199,0.9332
30,KPC3,0.8658,0.8896,0.7518,0.8943,0.8655,0.646,4.1422,0.7747,0.9142,0.7747,0.7373,0.7518,0.9142
128,NDM5,0.8532,0.8792,0.7488,0.8793,0.8342,0.6794,5.0099,0.9462,0.9041,0.9462,0.7488,0.6691,0.9041
25,KPC3,0.8976,0.9391,0.7485,0.9348,0.8954,0.4378,3.4193,0.8451,0.9492,0.8451,0.7485,0.5085,0.9492
124,KPC3,0.8873,0.9367,0.7481,0.9221,0.8183,0.3738,3.5218,0.9647,0.9541,0.9647,0.7481,0.6498,0.9541
63,KPC3,0.8645,0.9015,0.7461,0.8941,0.8627,0.6395,3.6147,0.7646,0.9299,0.7646,0.7461,0.6529,0.9299
11,KPC3,0.8575,0.9025,0.74,0.8869,0.8512,0.6661,4.7831,0.89,0.9331,0.89,0.74,0.65,0.9331
46,KPC3,0.8492,0.9055,0.7392,0.8767,0.8281,0.5647,3.277,0.7415,0.9238,0.7415,0.7392,0.5348,0.9238
172,NDM5,0.8141,0.8935,0.7386,0.833,0.717,0.63,3.8161,0.8548,0.919,0.8548,0.7386,0.6836,0.919
174,KPC3,0.8754,0.9362,0.737,0.91,0.7784,0.4226,3.2235,0.8937,0.9565,0.8937,0.737,0.6777,0.9565
5,NDM5,0.7997,0.8779,0.7364,0.8156,0.7572,0.7935,4.4253,0.7346,0.903,0.7346,0.7364,0.654,0.903
54,KPC3,0.8748,0.9187,0.7355,0.9096,0.8803,0.5219,3.6866,0.7419,0.9395,0.7419,0.7355,0.6809,0.9395
59,KPC3,0.8697,0.9057,0.7331,0.9039,0.8545,0.5296,3.331,0.8388,0.9217,0.8388,0.7331,0.5769,0.9217
62,KPC3,0.8652,0.9142,0.7324,0.8984,0.88,0.5114,3.1311,0.7888,0.9314,0.7888,0.7324,0.6814,0.9314
26,KPC3,0.8612,0.9202,0.7323,0.8934,0.7623,0.5201,3.8737,0.8937,0.9548,0.8937,0.7323,0.6755,0.9548
161,NDM5,0.8689,0.8947,0.7322,0.9031,0.8235,0.5976,3.875,0.9771,0.9238,0.9771,0.7322,0.6593,0.9238
27,KPC3,0.8662,0.8997,0.732,0.8997,0.871,0.5549,3.7367,0.773,0.9217,0.773,0.732,0.7084,0.9217
181,NDM5,0.8321,0.8591,0.7291,0.8578,0.7155,0.5821,4.0211,0.9231,0.9163,0.9231,0.7291,0.4814,0.9163
133,NDM5,0.8287,0.8958,0.7276,0.854,0.7336,0.5974,4.6259,0.9419,0.9236,0.9419,0.7276,0.6144,0.9236
64,KPC3,0.8261,0.9079,0.7268,0.8509,0.7807,0.6116,4.0007,0.7298,0.9399,0.7298,0.7268,0.6226,0.9399
175,KPC3,0.8787,0.8889,0.7263,0.9169,0.8153,0.4947,4.0483,0.9555,0.945,0.9555,0.7263,0.4856,0.945
117,KPC3,0.8879,0.9126,0.7248,0.9287,0.8766,0.5065,3.647,0.8337,0.9207,0.8337,0.7248,0.4694,0.9207
96,KPC3,0.8494,0.9079,0.7238,0.8807,0.8116,0.5705,3.8418,0.7054,0.9291,0.7054,0.7238,0.5869,0.9291
104,KPC3,0.8763,0.9167,0.7201,0.9153,0.8192,0.4527,5.1604,0.9737,0.9399,0.9737,0.7201,0.6224,0.9399
167,KPC3,0.8674,0.9284,0.72,0.9042,0.8461,0.4975,4.3394,0.9326,0.9421,0.9326,0.72,0.5599,0.9421
62,NDM5,0.8241,0.9282,0.7196,0.8503,0.7058,0.4968,3.2241,0.7998,0.9492,0.7998,0.7196,0.6354,0.9492
181,KPC3,0.8712,0.9128,0.7185,0.9094,0.8138,0.42,3.3996,0.9443,0.9448,0.9443,0.7185,0.6196,0.9448
119,NDM5,0.8017,0.9001,0.7169,0.823,0.6536,0.613,4.0149,0.8632,0.9257,0.8632,0.7169,0.6757,0.9257
5,KPC3,0.841,0.9019,0.7163,0.8721,0.8018,0.6016,3.779,0.7389,0.9268,0.7389,0.7163,0.5684,0.9268
95,KPC3,0.8646,0.9251,0.7161,0.9017,0.8453,0.4865,3.7165,0.8038,0.9383,0.8038,0.7161,0.5704,0.9383
142,KPC3,0.8622,0.9075,0.7152,0.899,0.7884,0.5118,4.3175,0.9448,0.9406,0.9448,0.7152,0.6002,0.9406
186,NDM5,0.8301,0.9006,0.715,0.8589,0.7043,0.556,3.5,0.8809,0.9266,0.8809,0.715,0.6557,0.9266
187,NDM5,0.8282,0.8945,0.7146,0.8565,0.7227,0.7154,5.1927,0.9236,0.9159,0.9236,0.7146,0.5922,0.9159
173,KPC3,0.8797,0.9176,0.714,0.9211,0.8577,0.5001,3.8839,0.8786,0.9258,0.8786,0.714,0.5043,0.9258
73,NDM5,0.8115,0.9031,0.7133,0.8361,0.7126,0.5994,3.6599,0.8511,0.9319,0.8511,0.7133,0.6851,0.9319
18,KPC3,0.8482,0.8865,0.7132,0.882,0.8061,0.6815,4.6233,0.8702,0.9108,0.8702,0.7132,0.6104,0.9108
129,NDM5,0.8595,0.8278,0.7115,0.8965,0.8037,0.7951,6.7543,0.9484,0.9013,0.9484,0.7115,0.3484,0.9013
85,KPC3,0.85,0.9026,0.7111,0.8847,0.8051,0.5627,3.6547,0.7326,0.9223,0.7326,0.7111,0.537,0.9223
110,KPC3,0.8758,0.9188,0.711,0.917,0.8022,0.4014,2.9968,0.8958,0.9581,0.8958,0.711,0.5044,0.9581
109,KPC3,0.8778,0.9374,0.71,0.9198,0.8311,0.3994,3.8213,0.954,0.9594,0.954,0.71,0.604,0.9594
84,KPC3,0.8599,0.9,0.71,0.8973,0.8717,0.557,3.5438,0.7465,0.9177,0.7465,0.71,0.6183,0.9177
199,KPC3,0.8702,0.9068,0.7093,0.9105,0.8584,0.552,4.5773,0.7571,0.9234,0.7571,0.7093,0.4972,0.9234
98,KPC3,0.8688,0.9015,0.7086,0.9088,0.8642,0.5867,4.8689,0.7069,0.9334,0.7069,0.6077,0.7086,0.9334
88,NDM5,0.7992,0.867,0.7072,0.8222,0.7773,0.687,3.9648,0.7222,0.8901,0.7222,0.7072,0.6346,0.8901
0,KPC3,0.8522,0.9054,0.707,0.8886,0.8509,0.6463,4.9022,0.7607,0.9272,0.7607,0.707,0.6057,0.9272
174,NDM5,0.8406,0.8978,0.7053,0.8744,0.7366,0.535,3.7151,0.8804,0.929,0.8804,0.7053,0.4303,0.929
40,KPC3,0.8884,0.9238,0.7044,0.9344,0.8792,0.4865,3.9402,0.9169,0.933,0.9169,0.7044,0.4883,0.933
136,KPC3,0.8747,0.9047,0.7037,0.9175,0.8135,0.4594,4.077,0.9807,0.9461,0.9807,0.7037,0.549,0.9461
54,NDM5,0.8265,0.8704,0.7032,0.8573,0.7824,0.7604,4.5488,0.6592,0.8922,0.6592,0.7032,0.5721,0.8922
72,KPC3,0.8523,0.9052,0.7031,0.8896,0.8214,0.5971,4.1928,0.7257,0.9256,0.7257,0.7031,0.5029,0.9256
102,NDM5,0.84,0.8565,0.7027,0.8743,0.7267,0.6395,4.6006,0.9125,0.9075,0.9125,0.7027,0.3743,0.9075
185,KPC3,0.8933,0.918,0.7024,0.9411,0.9148,0.5207,5.6193,0.9397,0.9321,0.9397,0.7024,0.5757,0.9321
47,KPC3,0.8838,0.9487,0.7011,0.9295,0.9105,0.4123,4.6198,0.9672,0.9597,0.9672,0.7011,0.5558,0.9597
61,NDM5,0.8191,0.9035,0.6998,0.849,0.6906,0.5745,3.5487,0.8232,0.9262,0.8232,0.6998,0.6267,0.9262
166,NDM5,0.8341,0.8991,0.6982,0.8681,0.7666,0.571,4.6651,0.9696,0.9351,0.9696,0.6982,0.4995,0.9351
84,NDM5,0.8113,0.9224,0.6976,0.8397,0.6753,0.5643,4.0651,0.7194,0.9464,0.7194,0.6976,0.5127,0.9464
20,NDM5,0.8455,0.8898,0.6942,0.8834,0.8301,0.665,5.0032,0.8634,0.9116,0.8634,0.6942,0.5715,0.9116
159,KPC3,0.857,0.9188,0.6942,0.8977,0.7447,0.5243,4.7586,0.893,0.9424,0.893,0.6942,0.655,0.9424
76,NDM5,0.7839,0.854,0.6924,0.8068,0.6579,0.848,5.4692,0.6628,0.8822,0.6628,0.642,0.6924,0.8822
60,KPC3,0.8458,0.9099,0.6896,0.8848,0.814,0.5694,3.9424,0.7468,0.9297,0.7468,0.6896,0.534,0.9297
87,NDM5,0.7847,0.8802,0.6894,0.8085,0.6857,0.8102,4.7336,0.6391,0.9195,0.6391,0.6656,0.6894,0.9195
106,NDM5,0.8251,0.8855,0.6876,0.8594,0.7572,0.7504,5.3394,0.9405,0.9249,0.9405,0.6876,0.6264,0.9249
160,NDM5,0.8179,0.8929,0.6869,0.8507,0.7083,0.5815,3.928,0.9359,0.924,0.9359,0.6869,0.4803,0.924
58,NDM5,0.8156,0.8795,0.6833,0.8486,0.7547,0.7447,4.3356,0.6902,0.9017,0.6902,0.6833,0.5351,0.9017
102,KPC3,0.8785,0.9127,0.683,0.9274,0.8365,0.4615,4.3451,0.9437,0.9401,0.9437,0.683,0.5783,0.9401
21,NDM5,0.8331,0.8851,0.6828,0.8706,0.7968,0.5829,4.4252,0.7388,0.9031,0.7388,0.6828,0.4551,0.9031
61,KPC3,0.8341,0.9121,0.6824,0.8721,0.8074,0.5463,4.37,0.8095,0.934,0.8095,0.6824,0.5119,0.934
155,KPC3,0.8471,0.907,0.6797,0.8889,0.7618,0.5379,5.5342,0.9553,0.9373,0.9553,0.6797,0.561,0.9373
146,KPC3,0.8681,0.9122,0.6764,0.9161,0.9009,0.5611,5.5663,0.965,0.9358,0.965,0.6764,0.6085,0.9358
94,NDM5,0.7739,0.8823,0.6748,0.7987,0.7316,0.7077,4.428,0.6794,0.911,0.6794,0.6748,0.5306,0.911
80,NDM5,0.7777,0.8657,0.6745,0.8035,0.6967,0.7958,5.3917,0.6785,0.8924,0.6785,0.6745,0.5121,0.8924
36,NDM5,0.8389,0.9187,0.6726,0.8805,0.7927,0.5312,3.829,0.8795,0.9311,0.8795,0.6726,0.5292,0.9311
100,NDM5,0.7843,0.8778,0.6708,0.8126,0.6612,0.6538,4.7292,0.9269,0.9142,0.9269,0.6708,0.6071,0.9142
98,NDM5,0.796,0.8856,0.6704,0.8274,0.797,0.7706,5.2414,0.7699,0.9115,0.7699,0.6704,0.5808,0.9115
3,KPC3,0.8429,0.8881,0.6701,0.8861,0.8408,0.6658,5.3735,0.8057,0.917,0.8057,0.6701,0.6396,0.917
140,KPC3,0.8563,0.8982,0.6701,0.9029,0.7856,0.4571,4.2575,0.9798,0.9456,0.9798,0.6701,0.5567,0.9456
164,KPC3,0.862,0.9243,0.6695,0.9101,0.7804,0.4771,4.4139,0.8975,0.9553,0.8975,0.6695,0.526,0.9553
168,KPC3,0.8703,0.8954,0.6688,0.9207,0.8281,0.4336,3.6305,0.9533,0.9387,0.9533,0.6688,0.5702,0.9387
48,NDM5,0.7951,0.878,0.6677,0.827,0.765,0.7345,4.2125,0.6373,0.9184,0.6373,0.6677,0.5693,0.9184
159,NDM5,0.8033,0.8989,0.6653,0.8379,0.6806,0.632,4.016,0.8728,0.9257,0.8728,0.6653,0.4796,0.9257
56,NDM5,0.798,0.8863,0.6646,0.8313,0.6702,0.6199,3.9523,0.8645,0.9306,0.8645,0.6646,0.5996,0.9306
123,NDM5,0.8286,0.8901,0.6637,0.8698,0.7137,0.5611,3.907,0.9019,0.9223,0.9019,0.6637,0.5391,0.9223
45,KPC3,0.8619,0.9152,0.6607,0.9122,0.8735,0.5167,4.1867,0.8438,0.9297,0.8438,0.6607,0.5576,0.9297
127,KPC3,0.8438,0.8918,0.659,0.89,0.7819,0.4668,4.2522,0.9508,0.9446,0.9508,0.659,0.4942,0.9446
69,KPC3,0.8717,0.9239,0.6573,0.9252,0.8157,0.5283,5.7944,0.8356,0.9428,0.8356,0.6573,0.5504,0.9428
13,NDM5,0.7536,0.8698,0.656,0.778,0.672,0.8501,5.3468,0.797,0.9102,0.797,0.656,0.6344,0.9102
53,NDM5,0.7996,0.8634,0.6493,0.8372,0.6901,0.7543,4.6861,0.7053,0.881,0.7053,0.6493,0.6373,0.881
148,KPC3,0.8388,0.8935,0.6489,0.8862,0.7487,0.4887,4.8582,0.8801,0.9323,0.8801,0.6489,0.5599,0.9323
130,KPC3,0.856,0.8781,0.6489,0.9077,0.8185,0.6253,6.7914,0.9419,0.9266,0.9419,0.6489,0.4654,0.9266
80,KPC3,0.8405,0.8937,0.6482,0.8886,0.8587,0.696,5.4499,0.6857,0.9233,0.6857,0.6482,0.5838,0.9233
148,NDM5,0.7796,0.8807,0.6481,0.8125,0.6287,0.6095,4.2361,0.8946,0.9256,0.8946,0.6481,0.5077,0.9256
43,KPC3,0.8696,0.9298,0.6478,0.9251,0.9026,0.469,3.9943,0.7793,0.9522,0.7793,0.6478,0.6031,0.9522
3,NDM5,0.7873,0.8675,0.6451,0.8229,0.6854,0.796,5.066,0.8565,0.8984,0.8565,0.6451,0.5016,0.8984
146,NDM5,0.8112,0.8912,0.6441,0.8529,0.7757,0.6762,5.8351,0.9617,0.917,0.9617,0.6441,0.5361,0.917
198,KPC3,0.8307,0.8843,0.6434,0.8775,0.7192,0.6246,6.5056,0.8866,0.9419,0.8866,0.6434,0.4101,0.9419
93,KPC3,0.8402,0.8996,0.6423,0.8897,0.8232,0.6052,4.8314,0.681,0.929,0.681,0.6423,0.5024,0.929
183,KPC3,0.8488,0.8949,0.6397,0.901,0.8043,0.6169,4.9068,0.8697,0.9402,0.8697,0.6397,0.5296,0.9402
142,NDM5,0.8067,0.8687,0.6384,0.8488,0.6967,0.6974,5.0498,0.9607,0.9214,0.9607,0.6384,0.4814,0.9214
24,NDM5,0.8139,0.8739,0.6362,0.8583,0.7973,0.7317,4.7797,0.7546,0.8927,0.7546,0.6362,0.5332,0.8927
192,KPC3,0.8356,0.913,0.6344,0.8859,0.7253,0.5424,5.9903,0.7503,0.9365,0.7503,0.6344,0.4929,0.9365
153,NDM5,0.8058,0.8675,0.6315,0.8493,0.7021,0.7375,5.3254,0.7687,0.9012,0.7687,0.6315,0.4913,0.9012
156,NDM5,0.8133,0.8701,0.6311,0.8588,0.7369,0.5775,4.4196,0.9448,0.9302,0.9448,0.6311,0.5205,0.9302
182,NDM5,0.8188,0.8705,0.624,0.8674,0.7487,0.6976,5.0595,0.9444,0.9044,0.9444,0.624,0.476,0.9044
177,KPC3,0.8686,0.8224,0.6231,0.93,0.84,0.6259,7.3075,0.963,0.9173,0.963,0.6231,0.1974,0.9173
32,KPC3,0.8611,0.9359,0.6228,0.9207,0.8901,0.4377,4.6194,0.8983,0.9479,0.8983,0.6228,0.402,0.9479
125,NDM5,0.7996,0.8779,0.6222,0.8439,0.7089,0.6241,4.9285,0.8304,0.9198,0.8304,0.6222,0.5874,0.9198
76,KPC3,0.8246,0.9057,0.6217,0.8754,0.8035,0.6491,5.0307,0.6829,0.9387,0.6829,0.6217,0.5097,0.9387
39,NDM5,0.7893,0.8687,0.6209,0.8314,0.6806,0.7624,5.3754,0.6916,0.8972,0.6916,0.6209,0.4721,0.8972
92,NDM5,0.7636,0.8397,0.6201,0.7995,0.6673,0.9108,5.3906,0.6342,0.8706,0.6342,0.6201,0.5979,0.8706
171,NDM5,0.7759,0.8654,0.6192,0.8151,0.6414,0.8292,5.318,0.6773,0.8976,0.6773,0.6192,0.4329,0.8976
133,KPC3,0.8586,0.8833,0.6189,0.9185,0.8106,0.5092,5.7224,0.915,0.9415,0.915,0.6189,0.3595,0.9415
34,KPC3,0.8682,0.9226,0.6145,0.9316,0.8822,0.4986,5.7166,0.9665,0.9369,0.9665,0.6145,0.4417,0.9369
19,KPC3,0.8517,0.9254,0.6137,0.9112,0.8668,0.4875,4.6237,0.8936,0.9405,0.8936,0.6137,0.4762,0.9405
118,NDM5,0.8016,0.8801,0.6136,0.8487,0.7127,0.6305,4.6622,0.9013,0.9136,0.9013,0.6136,0.5075,0.9136
29,KPC3,0.856,0.9148,0.6099,0.9175,0.8647,0.5411,5.5377,0.826,0.9305,0.826,0.6099,0.4513,0.9305
110,NDM5,0.7898,0.8651,0.6076,0.8353,0.6767,0.7085,5.2649,0.8727,0.9059,0.8727,0.6076,0.5268,0.9059
139,NDM5,0.8339,0.8347,0.605,0.8911,0.797,0.8451,6.1972,0.9508,0.8966,0.9508,0.605,0.434,0.8966
123,KPC3,0.8583,0.9119,0.6049,0.9216,0.8014,0.5228,6.7413,0.848,0.9449,0.848,0.6049,0.5251,0.9449
39,KPC3,0.8299,0.8974,0.595,0.8886,0.8286,0.638,5.2553,0.7148,0.9294,0.7148,0.595,0.4644,0.9294
78,KPC3,0.8572,0.9143,0.5943,0.9229,0.8817,0.5309,4.9252,0.8337,0.9305,0.8337,0.5943,0.4703,0.9305
179,KPC3,0.8521,0.941,0.5937,0.9167,0.8432,0.464,4.8628,0.815,0.9545,0.815,0.5937,0.363,0.9545
100,KPC3,0.8617,0.8644,0.588,0.9301,0.83,0.4964,5.6583,0.8935,0.9338,0.8935,0.588,0.3668,0.9338
147,KPC3,0.8491,0.8932,0.5816,0.916,0.7947,0.4667,5.2737,0.9474,0.934,0.9474,0.5816,0.4558,0.934
182,KPC3,0.8349,0.906,0.5803,0.8985,0.8546,0.5771,6.7708,0.9011,0.9453,0.9011,0.5803,0.4765,0.9453
101,KPC3,0.8389,0.8675,0.5784,0.9041,0.7526,0.5343,5.4553,0.9701,0.9342,0.9701,0.5784,0.3898,0.9342
85,NDM5,0.7638,0.8628,0.5771,0.8104,0.6567,0.8282,5.6322,0.6853,0.8959,0.6853,0.5771,0.4193,0.8959
113,KPC3,0.8255,0.8861,0.5751,0.8881,0.8704,0.6898,8.3076,0.945,0.9307,0.945,0.5751,0.4548,0.9307
4,NDM5,0.768,0.8655,0.5738,0.8166,0.6842,0.8641,5.9053,0.7804,0.9138,0.7804,0.5738,0.4917,0.9138
141,NDM5,0.781,0.8752,0.5686,0.8342,0.6888,0.7807,5.7945,0.8651,0.9141,0.8651,0.5686,0.4741,0.9141
44,NDM5,0.7445,0.8543,0.5682,0.7885,0.6427,0.9152,6.6378,0.7847,0.9087,0.7847,0.5682,0.5199,0.9087
131,KPC3,0.8358,0.8764,0.5659,0.9033,0.7855,0.5031,5.6989,0.9781,0.9379,0.9781,0.5659,0.4159,0.9379
68,KPC3,0.8252,0.8968,0.5635,0.8906,0.8379,0.6563,6.6266,0.7964,0.9305,0.7964,0.5602,0.5635,0.9305
99,NDM5,0.7622,0.8508,0.562,0.8123,0.6955,0.7636,6.1873,0.6011,0.8901,0.6011,0.562,0.4138,0.8901
107,KPC3,0.8478,0.8569,0.5604,0.9196,0.82,0.537,7.3255,0.8872,0.9228,0.8872,0.5604,0.2699,0.9228
30,NDM5,0.7615,0.8603,0.5594,0.8121,0.7471,0.8738,6.2578,0.7202,0.9136,0.7202,0.5594,0.469,0.9136
41,NDM5,0.7999,0.8602,0.5586,0.8602,0.7488,0.7579,5.2981,0.6925,0.8821,0.6925,0.5586,0.4701,0.8821
93,NDM5,0.7684,0.8792,0.5582,0.8209,0.6612,0.6812,4.925,0.6386,0.9181,0.6386,0.5582,0.5561,0.9181
74,KPC3,0.8359,0.9013,0.557,0.9056,0.8682,0.6706,6.9315,0.6615,0.9473,0.6615,0.4798,0.557,0.9473
103,KPC3,0.8419,0.8898,0.5533,0.914,0.8042,0.4741,6.4721,0.969,0.9334,0.969,0.5533,0.4112,0.9334
145,KPC3,0.827,0.8912,0.553,0.8955,0.8733,0.6351,7.4672,0.89,0.9377,0.89,0.553,0.4814,0.9377
83,KPC3,0.8015,0.8812,0.5526,0.8638,0.815,0.7279,6.5733,0.6263,0.924,0.6263,0.5526,0.4889,0.924
163,KPC3,0.8467,0.9083,0.5438,0.9224,0.8753,0.5665,6.8956,0.9065,0.9288,0.9065,0.5438,0.377,0.9288
125,KPC3,0.8302,0.879,0.5398,0.9028,0.7802,0.4906,5.7692,0.8406,0.9364,0.8406,0.5398,0.3737,0.9364
105,KPC3,0.8499,0.8838,0.5366,0.9282,0.82,0.5512,6.2941,0.8626,0.9318,0.8626,0.5366,0.3855,0.9318
132,KPC3,0.8328,0.8494,0.5289,0.9088,0.8001,0.5002,6.5474,0.974,0.9243,0.974,0.5289,0.3404,0.9243
190,NDM5,0.8038,0.8353,0.523,0.8741,0.7908,0.8361,6.5936,0.8699,0.9137,0.8699,0.523,0.3226,0.9137
17,KPC3,0.8308,0.8181,0.5217,0.908,0.7897,0.7783,8.9105,0.8946,0.9165,0.8946,0.5217,0.1996,0.9165
97,KPC3,0.7841,0.8693,0.5215,0.8497,0.7842,0.8552,6.9706,0.559,0.9253,0.559,0.5215,0.4526,0.9253
33,NDM5,0.8019,0.8919,0.5182,0.8729,0.7145,0.7341,6.334,0.7292,0.9099,0.7292,0.5182,0.2846,0.9099
77,KPC3,0.815,0.8985,0.5182,0.8892,0.7949,0.6256,6.0392,0.6787,0.9301,0.6787,0.5182,0.4553,0.9301
186,KPC3,0.8421,0.8709,0.5107,0.925,0.8167,0.5563,6.602,0.8305,0.9296,0.8305,0.5107,0.3128,0.9296
19,NDM5,0.7916,0.8645,0.5097,0.8621,0.7568,0.7859,6.6412,0.8226,0.8837,0.8226,0.5097,0.3177,0.8837
176,KPC3,0.8338,0.8994,0.5066,0.9156,0.789,0.5858,7.1612,0.939,0.9332,0.939,0.5066,0.4054,0.9332
79,KPC3,0.7915,0.8838,0.5061,0.8628,0.7009,0.7511,7.5485,0.6077,0.9181,0.6077,0.5061,0.3795,0.9181
81,KPC3,0.8432,0.8943,0.5047,0.9278,0.899,0.6284,6.396,0.7657,0.9159,0.7657,0.5047,0.3517,0.9159
187,KPC3,0.8372,0.8795,0.5025,0.9209,0.8213,0.6173,7.8783,0.9097,0.9302,0.9097,0.5025,0.2676,0.9302
53,KPC3,0.8138,0.9048,0.5002,0.8921,0.773,0.6144,6.9686,0.7978,0.9334,0.7978,0.5002,0.4173,0.9334
107,NDM5,0.7552,0.8445,0.4928,0.8208,0.6291,0.7428,6.2872,0.8498,0.9036,0.8498,0.4928,0.2949,0.9036
12,NDM5,0.7487,0.8454,0.4909,0.8132,0.6425,0.8375,5.8195,0.7696,0.8866,0.7696,0.4909,0.4363,0.8866
88,KPC3,0.786,0.8657,0.4855,0.8611,0.8008,0.7721,7.429,0.497,0.9111,0.497,0.4855,0.4166,0.9111
126,KPC3,0.8311,0.8993,0.4854,0.9175,0.8012,0.4732,7.0705,0.9411,0.9335,0.9411,0.4854,0.3897,0.9335
89,KPC3,0.8105,0.8979,0.4848,0.892,0.8434,0.6922,7.3058,0.6751,0.9354,0.6751,0.4848,0.4101,0.9354
129,KPC3,0.8287,0.853,0.4736,0.9175,0.7932,0.5498,6.6331,0.9661,0.924,0.9661,0.4736,0.3196,0.924
118,KPC3,0.8024,0.8838,0.4733,0.8847,0.7971,0.6875,10.3088,0.8562,0.9242,0.8562,0.4733,0.3424,0.9242
132,NDM5,0.7682,0.8262,0.4727,0.8421,0.7323,0.7316,6.9801,0.9767,0.8943,0.9767,0.4727,0.421,0.8943
56,KPC3,0.8172,0.8523,0.4709,0.9037,0.7761,0.6644,7.4357,0.8148,0.9263,0.8148,0.4709,0.3305,0.9263
135,KPC3,0.8449,0.8486,0.468,0.9391,0.8615,0.5571,7.6464,0.9601,0.9223,0.9601,0.468,0.2853,0.9223
72,NDM5,0.7569,0.8474,0.4666,0.8294,0.6722,0.9192,7.2899,0.6121,0.8876,0.6121,0.4666,0.3573,0.8876
105,NDM5,0.7675,0.802,0.4654,0.843,0.6807,0.9078,8.7165,0.8823,0.8824,0.8823,0.4654,0.1918,0.8824
65,KPC3,0.7892,0.8637,0.4636,0.8705,0.6795,0.7536,6.4576,0.8081,0.9308,0.8081,0.4636,0.4162,0.9308
157,KPC3,0.8071,0.8187,0.4595,0.894,0.7474,0.6634,8.1397,0.9078,0.9199,0.9078,0.4595,0.171,0.9199
27,NDM5,0.7371,0.8361,0.459,0.8066,0.6592,0.927,7.6711,0.6876,0.8874,0.6876,0.459,0.3234,0.8874
13,KPC3,0.7646,0.863,0.4523,0.8427,0.7207,0.8726,8.7707,0.6021,0.9335,0.6021,0.4523,0.3729,0.9335
63,NDM5,0.7543,0.8165,0.4501,0.8304,0.7136,1.1074,7.4887,0.5949,0.8915,0.5949,0.42,0.4501,0.8915
25,NDM5,0.7814,0.9099,0.4444,0.8656,0.717,0.6223,6.6449,0.8397,0.9357,0.8397,0.4444,0.2831,0.9357
165,KPC3,0.7962,0.8227,0.4364,0.8861,0.7652,0.783,8.9328,0.9117,0.9167,0.9117,0.4364,0.2181,0.9167
83,NDM5,0.7552,0.8313,0.4345,0.8353,0.7492,0.8723,7.9657,0.5373,0.8904,0.5373,0.4345,0.3106,0.8904
169,KPC3,0.8106,0.871,0.4265,0.9066,0.8139,0.7249,9.9905,0.9139,0.9208,0.9139,0.4265,0.2037,0.9208
99,KPC3,0.7707,0.8693,0.4184,0.8588,0.7833,0.7578,7.4999,0.5564,0.9232,0.5564,0.4184,0.3125,0.9232
91,KPC3,0.7793,0.8846,0.4174,0.8698,0.7335,0.7665,7.9576,0.573,0.9425,0.573,0.4174,0.3458,0.9425
108,NDM5,0.744,0.7937,0.4116,0.8271,0.6748,0.9811,8.0412,0.8857,0.8823,0.8857,0.4116,0.247,0.8823
161,KPC3,0.7993,0.8378,0.3992,0.8994,0.7886,0.5734,8.9792,0.9609,0.9207,0.9609,0.3992,0.2561,0.9207
67,KPC3,0.7812,0.8648,0.3968,0.8773,0.7984,0.8139,8.0708,0.6031,0.9148,0.6031,0.3968,0.3372,0.9148
15,NDM5,0.7445,0.8492,0.3901,0.8331,0.6668,0.8975,8.1568,0.7815,0.9001,0.7815,0.3901,0.2712,0.9001
113,NDM5,0.7629,0.8393,0.3894,0.8563,0.7481,0.8235,8.0864,0.927,0.9103,0.927,0.3894,0.2839,0.9103
74,NDM5,0.7513,0.8371,0.3864,0.8426,0.7076,0.9373,8.439,0.6144,0.8904,0.6144,0.3864,0.2955,0.8904
52,KPC3,0.8133,0.9038,0.385,0.9203,0.873,0.5902,7.7175,0.8619,0.929,0.8619,0.385,0.2917,0.929
114,NDM5,0.7351,0.8384,0.3808,0.8236,0.6201,0.8817,7.8268,0.8204,0.8895,0.8204,0.3808,0.2419,0.8895
190,KPC3,0.7837,0.841,0.3713,0.8868,0.763,0.7995,8.4265,0.8105,0.9282,0.8105,0.3713,0.258,0.9282
112,KPC3,0.7895,0.8633,0.371,0.8941,0.77,0.7436,9.1347,0.8094,0.9256,0.8094,0.371,0.2808,0.9256
96,NDM5,0.7475,0.8354,0.3672,0.8426,0.7047,0.8542,7.3259,0.5692,0.892,0.5692,0.3672,0.3089,0.892
194,KPC3,0.7703,0.8333,0.3539,0.8744,0.7784,0.7409,8.2321,0.8488,0.9243,0.8488,0.3539,0.2332,0.9243
64,NDM5,0.7022,0.8101,0.3512,0.79,0.6773,1.1767,9.014,0.5856,0.8944,0.5856,0.3512,0.2749,0.8944
15,KPC3,0.7783,0.8664,0.3317,0.8899,0.8396,0.7918,9.1358,0.7161,0.9193,0.7161,0.3317,0.243,0.9193
115,KPC3,0.7525,0.8391,0.3228,0.86,0.7034,0.8427,10.0092,0.7628,0.9202,0.7628,0.3228,0.2563,0.9202
119,KPC3,0.7816,0.8468,0.3218,0.8966,0.8008,0.5685,8.0221,0.889,0.9212,0.889,0.3218,0.1747,0.9212
134,KPC3,0.7776,0.835,0.3201,0.892,0.7558,0.7831,9.9936,0.96,0.9222,0.96,0.3201,0.2457,0.9222
144,KPC3,0.7821,0.8641,0.3185,0.898,0.8444,0.7801,13.5067,0.9177,0.9265,0.9177,0.3185,0.212,0.9265
141,KPC3,0.7824,0.8598,0.3182,0.8984,0.7659,0.8162,10.7323,0.83,0.9252,0.83,0.3182,0.2462,0.9252
106,KPC3,0.7755,0.8089,0.3102,0.8919,0.7368,0.7922,9.6076,0.9222,0.9102,0.9222,0.3102,0.1525,0.9102
152,KPC3,0.7954,0.8931,0.3051,0.918,0.8223,0.6245,9.3409,0.8734,0.9284,0.8734,0.3051,0.1855,0.9284
0,NDM5,0.737,0.8501,0.2932,0.8479,0.7485,0.9114,9.2846,0.4858,0.9168,0.4858,0.2932,0.2166,0.9168
8,NDM5,0.6867,0.7957,0.2932,0.7851,0.6452,1.2295,10.2445,0.4479,0.8807,0.4479,0.2932,0.2767,0.8807
91,NDM5,0.7247,0.8138,0.2911,0.8331,0.7164,1.0768,10.2036,0.5136,0.8844,0.5136,0.2911,0.245,0.8844
70,NDM5,0.7441,0.8255,0.275,0.8613,0.7415,0.9383,9.1436,0.5429,0.8881,0.5429,0.275,0.2515,0.8881
49,NDM5,0.7172,0.8225,0.2565,0.8324,0.6783,1.0238,10.0942,0.5183,0.8838,0.5183,0.2565,0.1813,0.8838
70,KPC3,0.7515,0.8564,0.2554,0.8755,0.7827,0.8171,10.8258,0.682,0.9183,0.682,0.2554,0.19,0.9183
195,KPC3,0.768,0.847,0.2466,0.8984,0.7973,0.8137,11.4834,0.7901,0.918,0.7901,0.2466,0.1662,0.918
